Date,Mine Tonnage_tons,Mine Grade_Au gpt
01-Jan-17,910.000,2.890
02-Jan-17,974.000,4.090
03-Jan-17,1510.000,5.470
04-Jan-17,1417.000,8.280
05-Jan-17,1171.000,5.250
06-Jan-17,1464.500,5.650
07-Jan-17,1391.000,4.650
08-Jan-17,1110.000,4.000
09-Jan-17,1154.000,5.760
10-Jan-17,1246.000,5.110
11-Jan-17,1282.000,4.030
12-Jan-17,1457.000,4.080
13-Jan-17,1834.000,5.370
14-Jan-17,1471.500,4.760
15-Jan-17,1618.500,4.680
16-Jan-17,1698.500,6.900
17-Jan-17,1767.500,8.800
18-Jan-17,1796.500,6.540
19-Jan-17,1693.000,8.220
20-Jan-17,1693.000,8.220
21-Jan-17,1979.000,4.900
22-Jan-17,1025.500,5.160
23-Jan-17,1132.500,5.800
24-Jan-17,1253.500,6.150
25-Jan-17,1608.000,3.760
26-Jan-17,1649.000,5.200
27-Jan-17,2034.000,7.310
28-Jan-17,987.000,6.010
29-Jan-17,1687.000,4.520
30-Jan-17,1738.000,5.930
31-Jan-17,1512.000,6.010
01-Feb-17,1880.000,5.260
02-Feb-17,1692.500,7.150
03-Feb-17,1671.100,4.430
04-Feb-17,1670.500,4.150
05-Feb-17,1246.500,3.380
06-Feb-17,1304.000,3.840
07-Feb-17,1240.000,5.650
08-Feb-17,1355.500,5.240
09-Feb-17,1393.000,4.600
10-Feb-17,969.500,4.270
11-Feb-17,1229.500,8.010
12-Feb-17,1052.000,5.630
13-Feb-17,1347.000,4.300
14-Feb-17,1190.000,9.460
15-Feb-17,1168.500,4.910
16-Feb-17,821.500,7.260
17-Feb-17,1038.500,3.750
18-Feb-17,1100.000,5.720
19-Feb-17,754.000,4.040
20-Feb-17,1234.500,5.720
21-Feb-17,1716.500,5.920
22-Feb-17,1587.500,5.230
23-Feb-17,1309.500,9.550
24-Feb-17,1322.000,5.670
25-Feb-17,1253.500,2.940
26-Feb-17,1070.000,6.090
27-Feb-17,1456.000,7.690
28-Feb-17,1347.500,8.230
01-Mar-17,1517.000,8.130
02-Mar-17,1405.500,6.900
03-Mar-17,1246.000,5.770
04-Mar-17,1357.000,4.120
05-Mar-17,1047.000,4.800
06-Mar-17,1359.000,5.460
07-Mar-17,1395.500,5.740
08-Mar-17,1061.000,4.020
09-Mar-17,1683.000,4.630
10-Mar-17,1455.000,3.660
11-Mar-17,1215.000,3.380
12-Mar-17,1783.000,3.080
13-Mar-17,2026.000,3.700
14-Mar-17,1557.000,5.270
15-Mar-17,1799.500,7.700
16-Mar-17,1807.000,6.580
17-Mar-17,1724.500,7.790
18-Mar-17,1891.000,5.550
19-Mar-17,1602.500,7.680
20-Mar-17,1681.500,6.950
21-Mar-17,2191.500,4.630
22-Mar-17,1780.000,7.760
23-Mar-17,1379.000,7.860
24-Mar-17,1758.000,6.190
25-Mar-17,1811.500,6.010
26-Mar-17,1759.500,6.070
27-Mar-17,2029.000,4.450
28-Mar-17,1968.500,5.510
29-Mar-17,1554.000,8.000
30-Mar-17,1631.500,5.430
31-Mar-17,1500.000,4.460
01-Apr-17,1437.000,6.530
02-Apr-17,995.000,8.680
03-Apr-17,1013.500,4.240
04-Apr-17,1045.000,5.750
05-Apr-17,1267.000,6.640
06-Apr-17,1046.500,3.340
07-Apr-17,1247.000,4.520
08-Apr-17,1152.000,5.310
09-Apr-17,1115.000,5.410
10-Apr-17,1015.500,9.660
11-Apr-17,979.000,4.810
12-Apr-17,926.500,7.340
13-Apr-17,1004.000,5.980
14-Apr-17,905.000,3.540
15-Apr-17,554.000,3.040
16-Apr-17,853.000,6.050
17-Apr-17,1482.000,5.020
18-Apr-17,1388.000,3.920
19-Apr-17,846.000,5.260
20-Apr-17,1154.500,5.130
21-Apr-17,1616.000,5.050
22-Apr-17,926.000,6.190
23-Apr-17,634.000,5.100
24-Apr-17,695.500,4.160
25-Apr-17,713.000,5.190
26-Apr-17,934.000,5.900
27-Apr-17,1071.500,8.350
28-Apr-17,937.000,3.130
29-Apr-17,1267.000,4.810
30-Apr-17,589.000,6.010
01-May-17,1031.500,8.730
02-May-17,982.000,7.090
03-May-17,1386.000,4.430
04-May-17,734.000,5.760
05-May-17,770.000,5.270
06-May-17,910.000,8.390
07-May-17,892.000,7.250
08-May-17,861.000,5.730
09-May-17,1285.000,5.180
10-May-17,811.000,4.640
11-May-17,817.000,5.990
12-May-17,1085.500,4.110
13-May-17,1350.000,5.730
14-May-17,922.000,6.110
15-May-17,1036.000,5.000
16-May-17,998.000,4.330
17-May-17,802.000,7.020
18-May-17,1278.000,6.170
19-May-17,1407.000,6.170
20-May-17,1364.000,6.200
21-May-17,988.000,4.990
22-May-17,1260.000,4.450
23-May-17,1146.000,4.460
24-May-17,1133.000,7.300
25-May-17,1219.000,9.030
26-May-17,1093.000,4.930
27-May-17,1022.000,4.550
28-May-17,672.000,8.880
29-May-17,1336.000,5.270
30-May-17,866.000,6.190
31-May-17,1195.000,4.750
01-Jun-17,1013.000,4.490
02-Jun-17,1007.000,3.120
03-Jun-17,1452.000,4.810
04-Jun-17,1157.000,4.290
05-Jun-17,1544.000,6.560
06-Jun-17,1127.000,5.690
07-Jun-17,1235.000,5.270
08-Jun-17,1331.000,5.840
09-Jun-17,1561.000,4.380
10-Jun-17,1306.000,5.410
11-Jun-17,1292.000,5.100
12-Jun-17,1376.000,3.760
13-Jun-17,1422.000,6.280
14-Jun-17,1074.000,4.380
15-Jun-17,1228.000,5.180
16-Jun-17,1274.000,3.840
17-Jun-17,1268.000,5.570
18-Jun-17,1544.000,5.830
19-Jun-17,1137.000,2.660
20-Jun-17,1278.000,4.480
21-Jun-17,1344.000,5.020
22-Jun-17,842.000,3.350
23-Jun-17,1386.000,4.040
24-Jun-17,1232.000,5.250
25-Jun-17,998.000,6.710
26-Jun-17,1400.000,5.220
27-Jun-17,1378.000,4.970
28-Jun-17,1834.000,4.310
29-Jun-17,1648.000,4.670
30-Jun-17,1440.000,4.360
01-Jul-17,1232.000,4.780
02-Jul-17,1146.000,2.970
03-Jul-17,1116.000,5.740
04-Jul-17,1446.000,5.890
05-Jul-17,1568.000,3.700
06-Jul-17,1248.000,4.170
07-Jul-17,1852.000,9.430
08-Jul-17,1512.000,3.650
09-Jul-17,972.000,3.140
10-Jul-17,1312.000,4.280
11-Jul-17,1444.000,6.140
12-Jul-17,890.000,4.660
13-Jul-17,1200.000,5.940
14-Jul-17,792.000,6.330
15-Jul-17,1192.000,4.920
16-Jul-17,828.000,4.490
17-Jul-17,780.000,3.780
18-Jul-17,871.000,6.380
19-Jul-17,764.000,5.150
20-Jul-17,1360.000,5.970
21-Jul-17,1076.000,5.430
22-Jul-17,1336.000,7.160
23-Jul-17,1440.000,5.030
24-Jul-17,1078.000,5.470
25-Jul-17,1440.000,7.630
26-Jul-17,1538.000,5.100
27-Jul-17,1594.000,6.030
28-Jul-17,1264.000,6.290
29-Jul-17,1362.000,5.820
30-Jul-17,1130.000,5.420
31-Jul-17,1164.000,3.740
01-Aug-17,1370.000,5.870
02-Aug-17,1162.000,4.800
03-Aug-17,1028.000,4.700
04-Aug-17,1250.000,7.440
05-Aug-17,972.000,4.290
06-Aug-17,1004.000,5.570
07-Aug-17,964.000,5.480
08-Aug-17,1320.000,6.010
09-Aug-17,1164.000,8.900
10-Aug-17,950.000,6.630
11-Aug-17,1358.000,6.530
12-Aug-17,1172.000,4.970
13-Aug-17,1400.000,4.490
14-Aug-17,1516.000,4.540
15-Aug-17,1138.000,5.040
16-Aug-17,1302.000,6.140
17-Aug-17,1308.000,4.990
18-Aug-17,1518.000,3.700
19-Aug-17,1546.000,4.920
20-Aug-17,1396.000,4.220
21-Aug-17,996.000,3.590
22-Aug-17,1164.000,5.800
23-Aug-17,1226.000,6.380
24-Aug-17,1036.000,5.310
25-Aug-17,852.000,5.710
26-Aug-17,1000.000,7.730
27-Aug-17,1094.000,4.510
28-Aug-17,1244.000,4.880
29-Aug-17,1294.000,3.180
30-Aug-17,1252.000,6.320
31-Aug-17,1640.000,4.620
01-Sep-17,1366.000,4.550
02-Sep-17,1236.000,5.920
03-Sep-17,1100.000,5.380
04-Sep-17,1266.000,4.640
05-Sep-17,1340.000,4.750
06-Sep-17,1444.000,4.020
07-Sep-17,1318.000,6.770
08-Sep-17,1178.000,3.190
09-Sep-17,1180.000,3.460
10-Sep-17,978.000,3.110
11-Sep-17,1002.000,3.200
12-Sep-17,1062.000,3.770
13-Sep-17,1098.000,5.110
14-Sep-17,1316.000,4.270
15-Sep-17,1616.000,4.010
16-Sep-17,1512.000,3.550
17-Sep-17,1102.000,4.700
18-Sep-17,1472.000,5.200
19-Sep-17,1576.000,5.910
20-Sep-17,1288.000,5.760
21-Sep-17,1440.000,4.910
22-Sep-17,1452.000,5.420
23-Sep-17,1662.000,4.930
24-Sep-17,1494.000,3.100
25-Sep-17,1427.500,4.330
26-Sep-17,1442.000,4.200
27-Sep-17,1298.000,5.050
28-Sep-17,1532.000,3.830
29-Sep-17,1928.000,3.780
30-Sep-17,1434.000,5.330
01-Oct-17,1256.000,4.880
02-Oct-17,1214.000,5.470
03-Oct-17,1514.000,5.090
04-Oct-17,1454.000,5.220
05-Oct-17,1690.000,4.370
06-Oct-17,1204.000,3.840
07-Oct-17,1672.000,5.140
08-Oct-17,1030.000,3.460
09-Oct-17,1404.000,4.110
10-Oct-17,1380.000,6.790
11-Oct-17,1121.000,2.750
12-Oct-17,1302.000,4.240
13-Oct-17,1288.000,3.910
14-Oct-17,1292.000,3.560
15-Oct-17,988.000,5.290
16-Oct-17,1564.000,4.520
17-Oct-17,1602.000,3.550
18-Oct-17,1382.000,4.880
19-Oct-17,1326.000,4.100
20-Oct-17,1384.000,8.910
21-Oct-17,1276.000,4.290
22-Oct-17,1488.000,4.600
23-Oct-17,1124.000,3.420
24-Oct-17,1932.000,4.960
25-Oct-17,1538.000,7.970
26-Oct-17,1178.000,4.740
27-Oct-17,1856.000,6.740
28-Oct-17,1396.000,5.600
29-Oct-17,1348.000,4.510
30-Oct-17,1360.000,3.470
31-Oct-17,1776.000,4.740
01-Nov-17,1126.000,4.080
02-Nov-17,1260.000,4.450
03-Nov-17,1254.000,6.400
04-Nov-17,1568.000,4.290
05-Nov-17,1508.000,3.960
06-Nov-17,1388.000,4.500
07-Nov-17,1584.000,6.500
08-Nov-17,1848.000,3.700
09-Nov-17,1548.000,3.280
10-Nov-17,1486.000,4.240
11-Nov-17,2118.000,5.030
12-Nov-17,1442.000,4.060
13-Nov-17,1358.000,3.900
14-Nov-17,1972.000,4.360
15-Nov-17,2052.000,4.460
16-Nov-17,1624.000,3.910
17-Nov-17,1976.000,7.410
18-Nov-17,1578.000,4.860
19-Nov-17,1528.000,4.640
20-Nov-17,1788.000,6.680
21-Nov-17,1750.000,5.020
22-Nov-17,1806.000,5.070
23-Nov-17,1952.000,4.920
24-Nov-17,1836.000,8.080
25-Nov-17,1936.000,3.910
26-Nov-17,1628.000,4.860
27-Nov-17,1738.000,6.100
28-Nov-17,1874.000,6.010
29-Nov-17,1620.000,6.370
30-Nov-17,1698.000,6.600
01-Dec-17,1794.000,7.060
02-Dec-17,1814.000,7.700
03-Dec-17,1252.000,4.220
04-Dec-17,1636.000,5.780
05-Dec-17,2046.000,6.430
06-Dec-17,1538.000,6.190
07-Dec-17,1676.000,3.850
08-Dec-17,1870.000,4.540
09-Dec-17,1474.000,3.500
10-Dec-17,1792.000,5.680
11-Dec-17,1998.000,5.020
12-Dec-17,2070.000,3.320
13-Dec-17,1706.000,3.520
14-Dec-17,1884.000,4.190
15-Dec-17,1584.000,4.140
16-Dec-17,1982.000,4.890
17-Dec-17,2002.000,3.950
18-Dec-17,1784.000,5.050
19-Dec-17,1856.000,5.400
20-Dec-17,1760.000,4.930
21-Dec-17,1878.000,6.630
22-Dec-17,1832.000,4.850
23-Dec-17,1952.000,4.890
24-Dec-17,1758.000,5.750
25-Dec-17,1578.000,4.740
26-Dec-17,2008.000,3.720
27-Dec-17,1920.000,4.200
28-Dec-17,2208.000,4.820
29-Dec-17,2604.000,4.580
30-Dec-17,2222.000,6.500
31-Dec-17,1148.000,11.060
01-Jan-18,596.000,4.340
02-Jan-18,970.000,3.270
03-Jan-18,1510.000,3.710
04-Jan-18,1544.000,4.590
05-Jan-18,1734.000,4.260
06-Jan-18,1434.000,6.460
07-Jan-18,1958.000,4.710
08-Jan-18,1482.000,6.030
09-Jan-18,1432.000,7.640
10-Jan-18,1864.000,6.170
11-Jan-18,1142.000,6.070
12-Jan-18,1320.000,5.280
13-Jan-18,1314.000,5.170
14-Jan-18,1314.000,6.100
15-Jan-18,1590.000,7.470
16-Jan-18,1218.000,8.800
17-Jan-18,1606.000,6.770
18-Jan-18,1486.000,5.850
19-Jan-18,1176.000,5.890
20-Jan-18,1514.000,8.960
21-Jan-18,1288.000,5.570
22-Jan-18,1682.000,4.760
23-Jan-18,1434.000,8.530
24-Jan-18,1550.000,5.080
25-Jan-18,1490.000,5.900
26-Jan-18,1564.000,5.290
27-Jan-18,2036.000,6.250
28-Jan-18,1754.000,5.960
29-Jan-18,1346.000,7.120
30-Jan-18,1662.000,5.460
31-Jan-18,1866.000,5.780
01-Feb-18,1302.000,5.150
02-Feb-18,1304.000,4.480
03-Feb-18,1830.000,3.100
04-Feb-18,1036.000,5.090
05-Feb-18,1562.000,6.480
06-Feb-18,1596.000,4.780
07-Feb-18,2160.000,6.220
08-Feb-18,2364.000,5.800
09-Feb-18,1980.000,4.190
10-Feb-18,1896.000,6.660
11-Feb-18,1540.000,4.120
12-Feb-18,1860.000,4.790
13-Feb-18,1610.000,4.940
14-Feb-18,1940.000,5.460
15-Feb-18,1598.000,4.960
16-Feb-18,1332.000,3.930
17-Feb-18,1476.000,3.250
18-Feb-18,1924.000,4.070
19-Feb-18,1440.000,5.030
20-Feb-18,1526.000,5.720
21-Feb-18,1564.000,4.930
22-Feb-18,2236.000,3.810
23-Feb-18,1730.560,5.000
24-Feb-18,2500.000,5.470
25-Feb-18,1382.940,5.370
26-Feb-18,2262.000,7.280
27-Feb-18,2170.000,4.440
28-Feb-18,2570.000,5.080
01-Mar-18,2346.000,5.510
02-Mar-18,2181.310,4.090
03-Mar-18,2016.000,4.740
04-Mar-18,1766.000,4.820
05-Mar-18,2174.000,5.140
06-Mar-18,2204.000,5.080
07-Mar-18,2434.000,6.800
08-Mar-18,1446.000,6.230
09-Mar-18,1858.000,7.010
10-Mar-18,2322.000,4.970
11-Mar-18,1820.000,6.990
12-Mar-18,1854.000,5.540
13-Mar-18,2054.000,7.390
14-Mar-18,2342.000,4.970
15-Mar-18,1550.000,5.370
16-Mar-18,1764.000,6.390
17-Mar-18,2356.000,5.160
18-Mar-18,1832.000,4.660
19-Mar-18,2552.110,7.060
20-Mar-18,1286.620,6.190
21-Mar-18,1706.510,5.020
22-Mar-18,1562.000,3.210
23-Mar-18,1868.000,3.300
24-Mar-18,2084.000,5.130
25-Mar-18,2190.000,3.400
26-Mar-18,2370.000,4.620
27-Mar-18,1824.000,5.930
28-Mar-18,2330.000,4.750
29-Mar-18,2654.000,4.260
30-Mar-18,2172.000,3.950
31-Mar-18,2040.000,4.070
01-Apr-18,2110.000,3.270
02-Apr-18,1958.000,3.760
03-Apr-18,2182.000,3.650
04-Apr-18,2438.000,3.510
05-Apr-18,2440.000,2.990
06-Apr-18,2340.000,3.360
07-Apr-18,1804.000,3.850
08-Apr-18,2302.000,6.580
09-Apr-18,1752.000,4.300
10-Apr-18,1758.000,4.950
11-Apr-18,2164.000,3.930
12-Apr-18,2304.000,4.960
13-Apr-18,2293.000,4.640
14-Apr-18,2098.000,4.730
15-Apr-18,2020.000,4.010
16-Apr-18,2302.000,6.060
17-Apr-18,2140.000,4.740
18-Apr-18,2498.000,3.720
19-Apr-18,2258.000,4.960
20-Apr-18,2066.000,3.080
21-Apr-18,2498.000,4.300
22-Apr-18,2148.000,4.820
23-Apr-18,2394.000,4.730
24-Apr-18,2858.000,5.600
25-Apr-18,2588.000,4.010
26-Apr-18,2720.000,4.340
27-Apr-18,2604.000,4.890
28-Apr-18,2316.000,3.390
29-Apr-18,2504.000,4.350
30-Apr-18,1712.000,3.320
01-May-18,1198.000,4.160
02-May-18,1150.000,4.370
03-May-18,2580.000,4.860
04-May-18,1646.000,3.820
05-May-18,1412.000,4.650
06-May-18,1504.000,4.150
07-May-18,1812.000,4.290
08-May-18,1817.380,4.270
09-May-18,1934.000,3.800
10-May-18,1874.000,4.640
11-May-18,1890.000,3.990
12-May-18,2130.000,8.890
13-May-18,1734.000,4.010
14-May-18,862.000,6.310
15-May-18,1727.360,6.390
16-May-18,1640.000,4.850
17-May-18,1592.000,5.010
18-May-18,2042.000,5.130
19-May-18,1468.000,4.520
20-May-18,1084.000,4.680
21-May-18,1794.000,2.870
22-May-18,1948.000,7.120
23-May-18,1876.000,6.060
24-May-18,2252.000,5.090
25-May-18,2052.000,7.270
26-May-18,1486.000,4.130
27-May-18,2100.000,4.370
28-May-18,1512.000,4.770
29-May-18,1806.000,5.530
30-May-18,1770.000,5.590
31-May-18,996.000,6.290
01-Jun-18,1654.000,5.250
02-Jun-18,1316.000,2.790
03-Jun-18,1658.000,4.730
04-Jun-18,1150.000,3.640
05-Jun-18,1684.000,5.430
06-Jun-18,1610.000,4.470
07-Jun-18,1873.000,4.400
08-Jun-18,2110.000,4.150
09-Jun-18,1812.000,4.940
10-Jun-18,1610.000,5.060
11-Jun-18,2076.110,5.880
12-Jun-18,1314.000,4.660
13-Jun-18,1946.000,4.730
14-Jun-18,1728.000,4.830
15-Jun-18,1828.000,5.200
16-Jun-18,1950.000,5.320
17-Jun-18,1550.000,4.550
18-Jun-18,1442.000,4.660
19-Jun-18,1728.000,5.710
20-Jun-18,1592.000,4.740
21-Jun-18,1494.000,3.750
22-Jun-18,1770.000,3.890
23-Jun-18,1774.000,4.470
24-Jun-18,1500.000,6.050
25-Jun-18,1738.000,4.520
26-Jun-18,1478.000,4.330
27-Jun-18,2022.000,6.100
28-Jun-18,1867.000,6.000
29-Jun-18,1726.000,3.740
30-Jun-18,1846.000,7.180
01-Jul-18,1837.930,3.980
02-Jul-18,1224.000,3.980
03-Jul-18,1948.000,5.250
04-Jul-18,1924.000,5.930
05-Jul-18,2156.000,5.020
06-Jul-18,1872.000,4.680
07-Jul-18,2256.000,8.590
08-Jul-18,1434.000,5.070
09-Jul-18,2200.000,5.540
10-Jul-18,2278.000,9.010
11-Jul-18,1716.000,4.140
12-Jul-18,1748.000,5.300
13-Jul-18,1870.000,3.970
14-Jul-18,2299.000,3.760
15-Jul-18,1882.000,5.200
16-Jul-18,2094.000,5.620
17-Jul-18,1724.000,6.270
18-Jul-18,1786.000,5.540
19-Jul-18,2214.500,6.100
20-Jul-18,2090.500,5.900
21-Jul-18,1736.000,8.350
22-Jul-18,1940.000,6.880
23-Jul-18,1868.000,5.490
24-Jul-18,2215.500,7.560
25-Jul-18,2038.000,7.810
26-Jul-18,1530.000,7.450
27-Jul-18,2218.000,9.190
28-Jul-18,1988.000,5.780
29-Jul-18,1700.000,7.880
30-Jul-18,1776.000,8.170
31-Jul-18,1998.000,5.460
01-Aug-18,1696.000,3.660
02-Aug-18,1746.000,5.540
03-Aug-18,1799.790,5.980
04-Aug-18,1936.000,3.620
05-Aug-18,1798.000,4.940
06-Aug-18,1554.000,6.250
07-Aug-18,1968.000,6.740
08-Aug-18,2190.000,4.590
09-Aug-18,1802.000,5.820
10-Aug-18,2080.000,6.800
11-Aug-18,1966.000,5.310
12-Aug-18,1716.000,3.320
13-Aug-18,1946.000,4.520
14-Aug-18,2080.000,5.640
15-Aug-18,2016.000,4.070
16-Aug-18,2132.000,4.860
17-Aug-18,1928.500,4.060
18-Aug-18,2004.000,3.860
19-Aug-18,2060.000,4.710
20-Aug-18,2066.000,3.690
21-Aug-18,2350.000,3.730
22-Aug-18,1996.000,4.090
23-Aug-18,2042.000,8.840
24-Aug-18,2038.000,4.740
25-Aug-18,1978.000,3.490
26-Aug-18,1988.000,4.650
27-Aug-18,1769.940,5.840
28-Aug-18,2132.000,3.930
29-Aug-18,1400.000,4.230
30-Aug-18,1430.000,3.470
31-Aug-18,2024.000,3.670
01-Sep-18,1380.000,4.490
02-Sep-18,1952.000,4.060
03-Sep-18,1686.000,3.170
04-Sep-18,1950.000,3.400
05-Sep-18,1666.322,3.380
06-Sep-18,2014.322,3.470
07-Sep-18,2272.000,4.020
08-Sep-18,1766.000,5.090
09-Sep-18,1680.000,4.190
10-Sep-18,1952.000,5.110
11-Sep-18,2248.000,3.040
12-Sep-18,1932.000,4.030
13-Sep-18,1928.000,4.970
14-Sep-18,856.000,4.850
15-Sep-18,928.000,1.970
16-Sep-18,1590.000,3.990
17-Sep-18,1592.000,4.630
18-Sep-18,1466.000,5.350
19-Sep-18,1946.000,4.120
20-Sep-18,2290.000,4.470
21-Sep-18,1922.000,5.340
22-Sep-18,2254.000,7.020
23-Sep-18,1950.000,6.090
24-Sep-18,1836.000,7.330
25-Sep-18,1852.000,5.000
26-Sep-18,2258.000,4.040
27-Sep-18,1676.000,4.930
28-Sep-18,2200.000,4.280
29-Sep-18,2202.000,3.420
30-Sep-18,1428.000,3.730
01-Oct-18,1706.000,3.930
02-Oct-18,1998.000,3.260
03-Oct-18,2026.000,3.260
04-Oct-18,2284.000,4.940
05-Oct-18,0.000,0.000
06-Oct-18,2334.000,5.480
07-Oct-18,1850.000,4.070
08-Oct-18,1890.000,2.930
09-Oct-18,2532.000,4.240
10-Oct-18,2082.000,3.180
11-Oct-18,1942.000,3.920
12-Oct-18,2178.000,2.950
13-Oct-18,1990.000,3.690
14-Oct-18,2346.000,4.000
15-Oct-18,2300.000,3.700
16-Oct-18,1774.000,3.550
17-Oct-18,2224.000,4.000
18-Oct-18,1824.000,4.640
19-Oct-18,1594.000,5.030
20-Oct-18,1798.000,5.740
21-Oct-18,1660.000,3.820
22-Oct-18,1796.000,4.200
23-Oct-18,1956.000,4.660
24-Oct-18,1990.000,5.250
25-Oct-18,1884.000,4.020
26-Oct-18,1970.000,3.940
27-Oct-18,2004.000,5.060
28-Oct-18,2206.000,4.250
29-Oct-18,2038.000,3.040
30-Oct-18,1960.000,3.510
31-Oct-18,2408.000,2.340
01-Nov-18,1770.000,3.590
02-Nov-18,1730.000,2.940
03-Nov-18,2010.000,2.500
04-Nov-18,1486.000,3.280
05-Nov-18,1726.000,2.800
06-Nov-18,2132.000,3.580
07-Nov-18,1992.000,3.200
08-Nov-18,1922.000,3.260
09-Nov-18,1522.000,3.980
10-Nov-18,2010.000,4.210
11-Nov-18,1574.000,4.590
12-Nov-18,1458.000,4.350
13-Nov-18,1946.000,3.800
14-Nov-18,1378.000,3.180
15-Nov-18,2070.000,4.070
16-Nov-18,1930.000,4.180
17-Nov-18,1566.000,3.700
18-Nov-18,1518.000,3.920
19-Nov-18,1614.000,3.140
20-Nov-18,1904.000,3.640
21-Nov-18,2214.000,3.740
22-Nov-18,2238.000,3.840
23-Nov-18,1992.000,3.800
24-Nov-18,2052.000,2.900
25-Nov-18,1884.000,2.850
26-Nov-18,2034.000,3.200
27-Nov-18,1934.000,2.980
28-Nov-18,2348.000,3.280
29-Nov-18,1946.000,3.070
30-Nov-18,1804.000,3.790
01-Dec-18,1922.000,4.330
02-Dec-18,1870.000,4.060
03-Dec-18,2044.000,4.200
04-Dec-18,1914.000,3.220
05-Dec-18,1982.000,2.850
06-Dec-18,1846.000,3.830
07-Dec-18,2046.000,4.150
08-Dec-18,2046.000,4.990
09-Dec-18,1694.000,5.170
10-Dec-18,1964.000,3.010
11-Dec-18,1329.430,3.835
12-Dec-18,1762.940,5.194
13-Dec-18,1551.940,5.213
14-Dec-18,2214.000,4.940
15-Dec-18,1924.000,4.730
16-Dec-18,1342.000,5.830
17-Dec-18,1878.000,1.340
18-Dec-18,1890.000,5.270
19-Dec-18,1552.000,5.490
20-Dec-18,1704.000,3.970
21-Dec-18,1618.000,4.480
22-Dec-18,2388.000,4.140
23-Dec-18,1932.000,3.600
24-Dec-18,1688.000,3.920
25-Dec-18,1604.000,3.100
26-Dec-18,2157.000,3.080
27-Dec-18,2228.000,4.120
28-Dec-18,2230.000,4.420
29-Dec-18,1672.500,5.270
30-Dec-18,0.000,0.000
31-Dec-18,0.000,0.000
01-Jan-19,1015.500,4.240
02-Jan-19,1474.000,4.140
03-Jan-19,2010.000,4.810
04-Jan-19,2172.000,4.750
05-Jan-19,2290.000,4.070
06-Jan-19,2136.000,4.680
07-Jan-19,1840.000,3.460
08-Jan-19,2448.000,4.500
09-Jan-19,2180.000,3.670
10-Jan-19,2482.000,3.070
11-Jan-19,1329.430,3.835
12-Jan-19,1762.940,5.194
13-Jan-19,0.000,0.000
14-Jan-19,1928.000,2.820
15-Jan-19,2124.000,4.180
16-Jan-19,2286.000,4.220
17-Jan-19,1730.000,5.280
18-Jan-19,2230.000,3.980
19-Jan-19,2278.000,2.850
20-Jan-19,1584.000,3.920
21-Jan-19,1878.000,3.560
22-Jan-19,1644.000,3.550
23-Jan-19,2002.000,3.150
24-Jan-19,1808.390,3.360
25-Jan-19,1514.000,2.330
26-Jan-19,1792.000,4.480
27-Jan-19,1190.000,2.550
28-Jan-19,2308.000,2.930
29-Jan-19,1822.000,3.130
30-Jan-19,2110.000,5.070
31-Jan-19,1792.000,4.670
01-Feb-19,1600.000,4.780
02-Feb-19,1678.000,3.970
03-Feb-19,1650.000,5.060
04-Feb-19,1896.000,5.780
05-Feb-19,797.880,5.270
06-Feb-19,1814.000,3.630
07-Feb-19,1904.000,5.670
08-Feb-19,1752.000,5.230
09-Feb-19,1574.000,5.580
10-Feb-19,2002.000,4.670
11-Feb-19,2052.000,3.850
12-Feb-19,1854.000,2.680
13-Feb-19,1932.000,4.560
14-Feb-19,1725.100,3.510
15-Feb-19,1782.000,2.480
16-Feb-19,1968.000,2.680
17-Feb-19,1414.000,3.390
18-Feb-19,1738.000,3.980
19-Feb-19,1934.000,3.140
20-Feb-19,1422.000,4.100
21-Feb-19,2088.000,3.900
22-Feb-19,1594.000,3.920
23-Feb-19,0.000,0.000
24-Feb-19,1165.630,2.740
25-Feb-19,1154.000,2.230
26-Feb-19,1525.000,2.190
27-Feb-19,1638.000,2.500
28-Feb-19,1920.000,4.020
01-Mar-19,1686.000,2.330
02-Mar-19,1898.000,2.450
03-Mar-19,1042.000,1.930
04-Mar-19,1668.000,2.400
05-Mar-19,1716.000,2.230
06-Mar-19,2062.000,3.000
07-Mar-19,1784.000,1.960
08-Mar-19,1552.000,3.050
09-Mar-19,1954.000,3.460
10-Mar-19,1818.000,2.740
11-Mar-19,2063.820,2.820
12-Mar-19,2043.090,2.610
13-Mar-19,1700.000,2.490
14-Mar-19,2232.000,2.630
15-Mar-19,1676.000,3.590
16-Mar-19,1682.000,3.100
17-Mar-19,1602.000,3.010
18-Mar-19,1576.000,4.760
19-Mar-19,1786.000,3.320
20-Mar-19,1804.000,3.670
21-Mar-19,1804.000,3.500
22-Mar-19,1738.000,3.120
23-Mar-19,1834.000,4.440
24-Mar-19,1372.000,4.210
25-Mar-19,2426.000,4.730
26-Mar-19,1510.000,4.000
27-Mar-19,1810.000,5.260
28-Mar-19,84.000,1.780
29-Mar-19,322.000,1.910
30-Mar-19,573.990,4.000
31-Mar-19,624.000,3.570
01-Apr-19,1938.000,3.870
02-Apr-19,1616.000,3.900
03-Apr-19,1208.000,4.060
04-Apr-19,1654.000,4.190
05-Apr-19,1290.000,4.610
06-Apr-19,1576.000,3.090
07-Apr-19,652.000,3.300
08-Apr-19,1412.000,4.400
09-Apr-19,1224.000,3.110
10-Apr-19,1566.000,6.400
11-Apr-19,1022.000,5.910
12-Apr-19,1580.000,3.760
13-Apr-19,1610.000,5.070
14-Apr-19,1288.000,4.200
15-Apr-19,1414.000,3.930
16-Apr-19,1246.000,3.380
17-Apr-19,1260.000,3.230
18-Apr-19,1330.000,3.150
19-Apr-19,1148.000,4.560
20-Apr-19,1288.000,3.850
21-Apr-19,1134.000,3.090
22-Apr-19,1316.000,3.150
23-Apr-19,1330.000,3.130
24-Apr-19,1162.000,3.400
25-Apr-19,1358.000,2.270
26-Apr-19,1260.000,2.560
27-Apr-19,1148.000,3.190
28-Apr-19,1372.000,3.370
29-Apr-19,980.000,3.350
30-Apr-19,1106.000,4.130
01-May-19,514.000,3.990
02-May-19,1092.000,3.510
03-May-19,1036.000,4.270
04-May-19,1134.000,2.580
05-May-19,1148.000,3.390
06-May-19,1176.000,3.230
07-May-19,1190.000,2.740
08-May-19,938.000,4.730
09-May-19,1120.000,2.580
10-May-19,1218.000,2.230
11-May-19,1190.000,2.430
12-May-19,1344.000,2.800
13-May-19,812.000,4.300
14-May-19,1302.000,2.700
15-May-19,1148.000,3.190
16-May-19,1162.000,1.830
17-May-19,1148.000,1.700
18-May-19,1512.000,2.430
19-May-19,868.000,1.990
20-May-19,0.000,0.000
21-May-19,0.000,0.000
22-May-19,0.000,0.000
23-May-19,1022.000,2.220
24-May-19,1162.000,2.510
25-May-19,1274.000,2.920
26-May-19,700.000,1.940
27-May-19,518.000,3.750
28-May-19,1190.000,2.310
29-May-19,1106.000,2.690
30-May-19,1162.000,2.790
31-May-19,1190.000,2.630
01-Jun-19,1604.000,3.510
02-Jun-19,1722.000,2.960
03-Jun-19,1796.000,3.160
04-Jun-19,1632.000,2.650
05-Jun-19,1288.000,3.280
06-Jun-19,1308.000,2.740
07-Jun-19,1054.000,4.650
08-Jun-19,838.000,3.960
09-Jun-19,1178.000,2.870
10-Jun-19,1468.000,3.220
11-Jun-19,1330.000,3.410
12-Jun-19,784.000,2.700
13-Jun-19,710.000,3.300
14-Jun-19,960.000,3.340
15-Jun-19,1324.000,4.560
16-Jun-19,1820.000,3.400
17-Jun-19,1578.000,3.110
18-Jun-19,1288.000,4.670
19-Jun-19,1768.000,3.510
20-Jun-19,1690.000,4.810
21-Jun-19,1784.000,5.420
22-Jun-19,1258.000,6.810
23-Jun-19,1740.000,4.430
24-Jun-19,1690.000,5.870
25-Jun-19,1318.000,5.360
26-Jun-19,1296.000,7.540
27-Jun-19,1704.000,4.220
28-Jun-19,1374.000,4.060
29-Jun-19,1368.000,3.490
30-Jun-19,1359.500,2.440
01-Jul-19,886.000,2.540
02-Jul-19,1360.000,5.060
03-Jul-19,1318.000,5.260
04-Jul-19,1844.000,4.910
05-Jul-19,1280.000,3.310
06-Jul-19,1695.500,2.720
07-Jul-19,1666.000,3.970
08-Jul-19,1754.000,4.060
09-Jul-19,1624.000,5.030
10-Jul-19,1498.000,4.790
11-Jul-19,1476.000,6.090
12-Jul-19,1642.000,4.690
13-Jul-19,1598.000,4.920
14-Jul-19,1724.000,4.230
15-Jul-19,1396.000,3.180
16-Jul-19,1666.000,4.400
17-Jul-19,1474.000,4.570
18-Jul-19,1486.000,2.650
19-Jul-19,1512.000,3.460
20-Jul-19,1732.500,3.510
21-Jul-19,1626.000,2.630
22-Jul-19,1920.000,2.730
23-Jul-19,1276.000,4.060
24-Jul-19,1362.500,3.940
25-Jul-19,1456.000,5.070
26-Jul-19,1482.000,3.670
27-Jul-19,1380.000,4.720
28-Jul-19,1636.000,4.080
29-Jul-19,1496.000,2.990
30-Jul-19,1722.000,3.080
31-Jul-19,1426.000,2.830
01-Aug-19,1394.000,3.870
02-Aug-19,1704.000,3.690
03-Aug-19,1538.000,2.580
04-Aug-19,1278.000,2.980
05-Aug-19,1670.000,3.110
06-Aug-19,1470.000,2.720
07-Aug-19,1064.000,3.100
08-Aug-19,1204.000,4.840
09-Aug-19,1594.000,3.390
10-Aug-19,962.000,8.800
11-Aug-19,604.500,5.900
12-Aug-19,1605.500,5.710
13-Aug-19,1094.000,5.050
14-Aug-19,1602.000,4.770
15-Aug-19,1570.000,2.950
16-Aug-19,1285.000,4.070
17-Aug-19,1923.500,2.980
18-Aug-19,1134.000,2.230
19-Aug-19,1288.000,4.650
20-Aug-19,1330.000,3.970
21-Aug-19,1550.000,3.800
22-Aug-19,1414.000,4.880
23-Aug-19,1446.000,4.630
24-Aug-19,1336.000,3.480
25-Aug-19,1372.000,4.470
26-Aug-19,1358.000,2.850
27-Aug-19,1698.000,2.550
28-Aug-19,1992.000,3.380
29-Aug-19,1460.000,2.900
30-Aug-19,1310.000,3.950
31-Aug-19,1690.000,4.770
01-Sep-19,868.000,2.820
02-Sep-19,1242.000,2.170
03-Sep-19,938.000,2.520
04-Sep-19,876.000,2.760
05-Sep-19,1442.000,3.840
06-Sep-19,1330.000,2.340
07-Sep-19,1050.000,2.620
08-Sep-19,770.000,2.440
09-Sep-19,1074.000,2.380
10-Sep-19,1368.000,3.170
11-Sep-19,1402.000,2.960
12-Sep-19,1526.000,2.610
13-Sep-19,1148.000,1.970
14-Sep-19,1246.000,3.930
15-Sep-19,1374.000,4.770
16-Sep-19,1368.000,2.770
17-Sep-19,1314.000,4.110
18-Sep-19,1536.000,3.780
19-Sep-19,1550.000,3.560
20-Sep-19,1666.000,2.550
21-Sep-19,1724.000,4.820
22-Sep-19,1540.000,3.800
23-Sep-19,1640.000,4.360
24-Sep-19,1876.000,3.860
25-Sep-19,2120.000,4.050
26-Sep-19,1832.000,4.410
27-Sep-19,1894.000,4.040
28-Sep-19,1936.000,3.300
29-Sep-19,1928.000,4.040
30-Sep-19,2064.000,1.290
01-Oct-19,2090.000,2.640
02-Oct-19,1730.000,2.910
03-Oct-19,1938.000,3.820
04-Oct-19,1746.000,4.540
05-Oct-19,1702.000,2.960
06-Oct-19,2016.000,3.510
07-Oct-19,1528.000,4.230
08-Oct-19,1792.000,2.840
09-Oct-19,634.000,1.390
10-Oct-19,2246.000,3.930
11-Oct-19,1924.000,3.540
12-Oct-19,1316.000,3.540
13-Oct-19,1906.000,5.590
14-Oct-19,1688.000,3.370
15-Oct-19,1724.000,4.190
16-Oct-19,1514.000,6.200
17-Oct-19,2188.000,5.440
18-Oct-19,1946.000,3.720
19-Oct-19,1600.000,4.360
20-Oct-19,1880.000,3.860
21-Oct-19,1924.000,3.350
22-Oct-19,1642.000,2.900
23-Oct-19,1864.000,4.780
24-Oct-19,1864.000,4.990
01-Dec-19,2138.000,4.392
02-Dec-19,1898.000,3.507
03-Dec-19,2036.000,3.161
04-Dec-19,1908.000,4.329
05-Dec-19,2268.000,3.079
06-Dec-19,1790.000,4.725
07-Dec-19,1986.000,4.777
08-Dec-19,938.000,2.926
09-Dec-19,1778.000,3.519
10-Dec-19,1522.000,3.764
11-Dec-19,1660.600,3.422
12-Dec-19,2390.000,4.239
13-Dec-19,2126.000,3.639
14-Dec-19,1720.000,3.401
15-Dec-19,1930.000,3.929
16-Dec-19,2094.000,4.356
17-Dec-19,2010.000,4.496
18-Dec-19,2213.000,4.777
19-Dec-19,2166.000,3.816
20-Dec-19,2014.000,6.595
21-Dec-19,2162.000,7.135
22-Dec-19,1642.000,5.745
01-Jan-20,1088.000,2.720
02-Jan-20,1682.720,3.240
03-Jan-20,2246.000,2.720
04-Jan-20,1924.000,3.070
05-Jan-20,2072.000,2.820
06-Jan-20,2361.000,3.423
07-Jan-20,2178.000,3.310
08-Jan-20,1892.000,2.047
09-Jan-20,1490.000,3.010
10-Jan-20,1390.000,2.569
11-Jan-20,1568.850,2.140
12-Jan-20,1564.000,3.600
13-Jan-20,1960.000,3.220
14-Jan-20,1410.000,3.080
15-Jan-20,1768.000,2.770
16-Jan-20,1558.000,3.040
17-Jan-20,2104.000,2.370
18-Jan-20,1794.000,3.590
19-Jan-20,2004.000,2.320
20-Jan-20,2210.000,2.980
21-Jan-20,1972.000,2.260
22-Jan-20,2296.000,2.990
23-Jan-20,2070.000,2.000
24-Jan-20,2274.000,2.230
25-Jan-20,1442.000,5.370
26-Jan-20,2132.000,4.170
27-Jan-20,2252.000,3.650
28-Jan-20,2266.000,2.700
29-Jan-20,2202.000,2.900
30-Jan-20,1952.000,3.030
31-Jan-20,1780.000,1.970
01-Feb-20,1820.000,2.650
02-Feb-20,1826.000,2.580
03-Feb-20,1806.000,3.050
04-Feb-20,2006.000,2.880
05-Feb-20,2212.000,2.480
06-Feb-20,2430.000,2.090
07-Feb-20,2146.000,2.310
08-Feb-20,2170.000,3.190
09-Feb-20,2100.000,3.070
10-Feb-20,1696.000,3.070
11-Feb-20,2198.000,2.910
12-Feb-20,1916.000,2.510
13-Feb-20,1968.000,2.390
14-Feb-20,1398.000,3.540
15-Feb-20,1724.000,2.440
16-Feb-20,1672.000,2.670
17-Feb-20,1834.000,1.080
18-Feb-20,2068.000,3.190
19-Feb-20,2020.000,2.860
20-Feb-20,2042.000,3.340
21-Feb-20,1628.000,2.900
22-Feb-20,1652.000,3.570
23-Feb-20,1760.000,2.440
24-Feb-20,1710.000,4.430
25-Feb-20,1734.000,3.050
26-Feb-20,2380.000,3.210
27-Feb-20,2368.000,2.610
28-Feb-20,2134.000,3.360
29-Feb-20,2342.000,2.610
01-Mar-20,2102.000,2.960
02-Mar-20,2158.000,4.030
03-Mar-20,2164.000,3.190
04-Mar-20,1742.000,3.890
05-Mar-20,2108.000,4.460
06-Mar-20,2072.000,4.730
07-Mar-20,2054.000,3.700
08-Mar-20,1362.000,4.390
09-Mar-20,1906.000,3.050
10-Mar-20,2058.000,3.050
11-Mar-20,2002.000,3.430
12-Mar-20,1838.000,2.640
13-Mar-20,1846.000,3.210
14-Mar-20,2058.000,3.240
15-Mar-20,2104.000,2.910
16-Mar-20,1868.000,2.970
17-Mar-20,1798.000,1.180
18-Mar-20,2130.000,3.700
19-Mar-20,1654.000,3.060
20-Mar-20,2034.000,2.720
21-Mar-20,2200.000,3.170
22-Mar-20,2066.000,3.560
23-Mar-20,2352.000,4.710
24-Mar-20,2148.000,5.510
25-Mar-20,2506.000,3.120
26-Mar-20,2418.000,3.320
27-Mar-20,1778.000,5.380
28-Mar-20,2132.000,6.900
29-Mar-20,1872.000,7.260
30-Mar-20,2170.000,4.970
31-Mar-20,2248.000,4.820
01-Apr-20,2336.000,4.220
02-Apr-20,1956.000,3.970
03-Apr-20,2298.000,4.480
04-Apr-20,2568.000,5.980
05-Apr-20,1602.000,4.194
06-Apr-20,1236.000,3.050
07-Apr-20,1574.000,3.820
08-Apr-20,1524.000,3.670
09-Apr-20,1520.000,2.870
10-Apr-20,1646.000,4.890
11-Apr-20,1088.000,5.910
12-Apr-20,1840.000,6.940
13-Apr-20,1512.000,4.830
14-Apr-20,1488.000,4.420
15-Apr-20,1774.000,4.490
16-Apr-20,1466.000,4.110
17-Apr-20,1340.000,3.280
18-Apr-20,1470.000,5.020
19-Apr-20,1784.000,3.590
20-Apr-20,2148.000,5.160
21-Apr-20,1730.000,5.340
22-Apr-20,1912.000,4.350
23-Apr-20,1724.000,4.660
24-Apr-20,1780.000,4.090
25-Apr-20,1752.000,4.250
26-Apr-20,1464.000,4.860
27-Apr-20,1574.000,5.050
28-Apr-20,1286.000,6.300
29-Apr-20,1904.000,5.340
30-Apr-20,1852.000,3.570
01-May-20,1506.000,4.020
02-May-20,1436.000,4.110
03-May-20,1648.000,7.280
04-May-20,1708.000,5.820
05-May-20,1722.000,4.324
06-May-20,1666.000,4.530
07-May-20,1810.000,4.180
08-May-20,1594.000,2.540
09-May-20,1214.000,3.940
10-May-20,1556.000,3.060
11-May-20,2010.000,3.750
12-May-20,1792.000,4.480
13-May-20,1729.190,3.520
14-May-20,2152.000,4.970
15-May-20,2042.000,3.910
16-May-20,2228.000,4.930
17-May-20,1598.000,2.210
18-May-20,1732.000,1.910
19-May-20,1488.000,2.210
20-May-20,1828.000,3.530
21-May-20,1848.000,4.060
22-May-20,2040.000,3.300
23-May-20,1660.000,3.330
24-May-20,1910.000,3.400
25-May-20,2074.000,4.220
26-May-20,1994.000,4.980
27-May-20,2388.000,5.300
28-May-20,2119.000,4.210
29-May-20,2240.000,4.030
30-May-20,2288.000,4.270
31-May-20,1725.000,3.400
01-Jun-20,2106.000,3.370
02-Jun-20,1928.000,3.400
03-Jun-20,1853.100,3.180
04-Jun-20,2128.000,3.130
05-Jun-20,1904.000,3.988
06-Jun-20,1900.000,3.500
07-Jun-20,1762.000,3.680
08-Jun-20,2114.000,3.420
09-Jun-20,2140.000,4.270
10-Jun-20,1884.000,2.280
11-Jun-20,1632.000,3.130
12-Jun-20,1808.000,3.770
13-Jun-20,2112.000,2.980
14-Jun-20,1518.580,2.730
15-Jun-20,2038.000,3.130
16-Jun-20,2224.000,2.550
17-Jun-20,2338.000,4.370
18-Jun-20,1938.000,3.940
19-Jun-20,2204.000,3.270
20-Jun-20,2348.000,4.770
21-Jun-20,2100.000,5.860
22-Jun-20,2134.000,3.620
23-Jun-20,2120.000,3.570
24-Jun-20,2236.000,5.480
25-Jun-20,2288.000,4.080
26-Jun-20,2421.700,3.930
27-Jun-20,2338.000,4.340
28-Jun-20,2240.000,3.610
29-Jun-20,2204.000,4.050
30-Jun-20,2116.000,2.780
01-Jul-20,1854.000,3.370
02-Jul-20,1772.000,4.420
03-Jul-20,1988.000,3.690
04-Jul-20,1900.000,2.970
05-Jul-20,1935.850,3.264
06-Jul-20,2054.000,2.710
07-Jul-20,2166.000,3.520
08-Jul-20,2116.000,3.160
09-Jul-20,2200.000,2.380
10-Jul-20,1824.000,4.510
11-Jul-20,2082.000,4.110
12-Jul-20,2077.010,4.360
13-Jul-20,2274.000,3.850
14-Jul-20,2446.000,5.320
15-Jul-20,1988.000,5.240
16-Jul-20,1752.000,4.980
17-Jul-20,2193.700,3.860
18-Jul-20,2094.000,3.720
19-Jul-20,2174.000,4.460
20-Jul-20,2192.000,4.170
21-Jul-20,2084.000,3.800
22-Jul-20,2098.000,3.500
23-Jul-20,2104.000,3.100
24-Jul-20,1856.000,3.450
25-Jul-20,1911.800,4.310
26-Jul-20,1800.000,4.990
27-Jul-20,2368.000,4.710
28-Jul-20,2526.000,5.200
29-Jul-20,2780.000,4.780
30-Jul-20,2384.000,4.680
31-Jul-20,1986.000,3.320
01-Aug-20,2196.000,2.710
02-Aug-20,2064.000,3.890
03-Aug-20,2122.000,2.460
04-Aug-20,2278.000,3.190
05-Aug-20,2000.000,3.394
06-Aug-20,2234.000,3.220
07-Aug-20,1750.000,2.500
08-Aug-20,2078.000,4.080
09-Aug-20,2094.440,2.870
10-Aug-20,1860.550,3.970
11-Aug-20,1836.000,2.940
12-Aug-20,1970.000,3.960
13-Aug-20,2064.140,3.970
14-Aug-20,1958.000,3.290
15-Aug-20,1928.000,3.000
16-Aug-20,1884.000,4.050
17-Aug-20,1636.000,2.740
18-Aug-20,2066.000,3.410
19-Aug-20,1966.000,3.680
20-Aug-20,2292.000,3.350
21-Aug-20,1726.000,3.710
22-Aug-20,2488.000,3.560
23-Aug-20,2974.000,3.760
24-Aug-20,2624.000,4.370
25-Aug-20,2700.000,4.420
26-Aug-20,2644.000,3.600
27-Aug-20,2420.000,2.880
28-Aug-20,3030.000,4.180
29-Aug-20,2990.000,5.470
30-Aug-20,2968.000,6.500
31-Aug-20,2021.260,3.670
01-Sep-20,2485.980,4.129
02-Sep-20,1997.000,3.511
03-Sep-20,2188.000,3.734
04-Sep-20,1606.000,2.697
05-Sep-20,1978.000,3.431
06-Sep-20,2266.000,3.609
07-Sep-20,2070.000,3.429
08-Sep-20,2074.000,3.300
09-Sep-20,2056.000,2.656
10-Sep-20,2474.000,2.728
11-Sep-20,2382.000,4.535
12-Sep-20,1784.630,3.399
13-Sep-20,1509.700,2.635
14-Sep-20,2042.000,3.497
15-Sep-20,1806.000,3.594
16-Sep-20,2318.000,4.203
17-Sep-20,2306.000,3.161
18-Sep-20,1824.000,3.437
19-Sep-20,1774.000,3.249
20-Sep-20,1982.780,2.662
21-Sep-20,2202.000,3.396
22-Sep-20,1670.000,3.028
23-Sep-20,2395.610,3.949
24-Sep-20,2094.000,4.480
25-Sep-20,2476.000,4.982
26-Sep-20,2262.000,3.270
27-Sep-20,2236.000,3.702
28-Sep-20,2336.000,2.955
29-Sep-20,2030.000,3.124
30-Sep-20,2050.000,3.530
01-Oct-20,1488.000,5.856
02-Oct-20,2034.000,2.213
03-Oct-20,2213.830,3.344
04-Oct-20,2226.000,2.180
05-Oct-20,1844.000,3.653
06-Oct-20,2168.000,4.248
07-Oct-20,2004.000,3.278
08-Oct-20,1900.000,3.571
09-Oct-20,1740.000,3.898
10-Oct-20,2116.000,4.817
11-Oct-20,2314.000,2.033
12-Oct-20,1914.000,3.016
13-Oct-20,1828.000,2.494
14-Oct-20,2154.000,4.718
15-Oct-20,2424.000,3.758
16-Oct-20,2074.000,3.275
17-Oct-20,2092.000,3.534
18-Oct-20,1832.000,4.007
19-Oct-20,1576.000,4.471
20-Oct-20,1871.000,3.029
21-Oct-20,1584.500,3.792
22-Oct-20,2108.000,3.690
23-Oct-20,2474.000,4.488
24-Oct-20,2110.000,4.276
25-Oct-20,2622.000,4.356
26-Oct-20,1910.000,4.018
27-Oct-20,2210.000,3.151
28-Oct-20,2353.980,5.034
29-Oct-20,2260.000,3.086
30-Oct-20,2338.000,3.341
31-Oct-20,2084.000,3.501
01-Nov-20,1372.000,3.565
02-Nov-20,1602.000,2.987
03-Nov-20,2100.000,3.334
04-Nov-20,2032.000,3.795
05-Nov-20,1826.000,3.425
06-Nov-20,1766.000,3.586
07-Nov-20,2278.000,2.602
08-Nov-20,1980.000,2.157
09-Nov-20,2120.000,2.362
10-Nov-20,1888.000,3.136
11-Nov-20,1694.000,2.617
12-Nov-20,2012.000,4.620
13-Nov-20,2042.000,3.317
14-Nov-20,2294.000,4.030
15-Nov-20,2394.000,4.086
16-Nov-20,2536.000,4.984
17-Nov-20,1826.000,3.038
18-Nov-20,2198.000,6.439
19-Nov-20,2292.000,3.515
20-Nov-20,2074.000,2.786
21-Nov-20,1924.000,2.207
22-Nov-20,1692.000,1.945
23-Nov-20,2232.000,2.473
24-Nov-20,2494.000,2.207
25-Nov-20,2006.000,4.115
26-Nov-20,1894.000,2.313
27-Nov-20,2266.000,5.858
28-Nov-20,2036.000,3.754
29-Nov-20,1746.000,4.181
30-Nov-20,1616.000,3.103
01-Dec-20,1452.000,2.331
02-Dec-20,1584.000,2.850
03-Dec-20,1910.000,2.985
04-Dec-20,2148.000,3.364
05-Dec-20,1854.000,2.655
06-Dec-20,2024.000,2.424
07-Dec-20,2022.000,2.532
08-Dec-20,810.000,5.448
09-Dec-20,1902.000,2.745
10-Dec-20,2078.000,3.324
11-Dec-20,1888.000,4.976
12-Dec-20,2376.000,3.637
13-Dec-20,2072.000,2.818
14-Dec-20,1984.000,2.467
15-Dec-20,1946.000,3.553
16-Dec-20,1628.000,3.065
17-Dec-20,1990.000,3.088
18-Dec-20,2292.000,5.266
19-Dec-20,1858.000,4.115
20-Dec-20,1678.000,5.208
21-Dec-20,1770.000,4.376
22-Dec-20,1388.000,4.904
23-Dec-20,1172.000,4.156
24-Dec-20,630.000,4.694
25-Dec-20,924.000,2.554
26-Dec-20,1908.000,3.909
27-Dec-20,1700.000,4.743
28-Dec-20,1740.000,3.879
29-Dec-20,2154.000,4.374
30-Dec-20,2342.000,4.900
31-Dec-20,926.000,5.180
01-Jan-21,1026.000,2.051
02-Jan-21,1812.000,3.010
03-Jan-21,1842.000,3.527
04-Jan-21,1856.000,2.389
05-Jan-21,1618.000,4.377
06-Jan-21,1529.000,3.057
07-Jan-21,1396.000,2.885
08-Jan-21,1576.000,2.208
09-Jan-21,1708.000,4.165
10-Jan-21,1724.000,2.912
11-Jan-21,1606.000,2.170
12-Jan-21,1768.000,2.023
13-Jan-21,1384.000,2.659
14-Jan-21,1446.000,2.444
15-Jan-21,1366.000,2.015
16-Jan-21,1468.000,2.409
17-Jan-21,1772.000,3.221
18-Jan-21,2208.000,2.823
19-Jan-21,2132.000,3.085
20-Jan-21,1894.000,3.266
21-Jan-21,1860.000,1.924
22-Jan-21,1328.000,1.987
23-Jan-21,1120.000,2.075
24-Jan-21,469.070,2.396
25-Jan-21,1012.000,3.001
26-Jan-21,1236.000,3.222
27-Jan-21,1848.000,3.527
28-Jan-21,2354.000,2.407
29-Jan-21,1578.000,3.815
30-Jan-21,1958.000,4.307
31-Jan-21,1556.000,3.035
01-Feb-21,2252.000,4.488
02-Feb-21,1846.000,3.092
03-Feb-21,1786.000,4.040
04-Feb-21,1798.000,3.243
05-Feb-21,2094.000,4.974
06-Feb-21,2458.000,5.010
07-Feb-21,1922.000,4.092
08-Feb-21,1968.000,4.679
09-Feb-21,1902.000,4.796
10-Feb-21,2001.000,5.185
11-Feb-21,2136.000,3.570
12-Feb-21,1120.000,3.581
13-Feb-21,2120.000,2.735
14-Feb-21,1840.000,3.122
15-Feb-21,2296.000,5.742
16-Feb-21,1954.000,2.989
17-Feb-21,2018.000,2.712
18-Feb-21,1940.000,3.082
19-Feb-21,1656.000,4.277
20-Feb-21,2202.000,4.477
21-Feb-21,1928.000,2.864
22-Feb-21,2336.000,2.666
23-Feb-21,2246.000,4.271
24-Feb-21,2292.000,2.999
25-Feb-21,1636.000,2.963
26-Feb-21,2274.000,4.737
27-Feb-21,2369.600,2.760
28-Feb-21,2420.000,3.549
01-Mar-21,2102.000,2.569
02-Mar-21,2116.000,3.835
03-Mar-21,2376.000,3.415
04-Mar-21,2524.000,3.648
05-Mar-21,2152.000,4.006
06-Mar-21,1608.000,4.166
07-Mar-21,1768.000,4.061
08-Mar-21,1688.000,4.931
09-Mar-21,1596.000,5.036
10-Mar-21,2290.210,3.979
11-Mar-21,2098.000,4.043
12-Mar-21,1829.570,3.895
13-Mar-21,2180.000,5.792
14-Mar-21,2128.000,5.932
15-Mar-21,1729.770,3.782
16-Mar-21,1896.000,4.006
17-Mar-21,2159.700,3.133
18-Mar-21,2296.000,3.382
19-Mar-21,2390.830,3.339
20-Mar-21,2386.000,4.049
21-Mar-21,2210.000,2.887
22-Mar-21,1884.000,2.673
23-Mar-21,2156.000,3.475
24-Mar-21,2169.780,3.149
25-Mar-21,1774.000,3.309
26-Mar-21,2028.000,4.738
27-Mar-21,1719.000,3.316
28-Mar-21,2344.000,3.921
29-Mar-21,2483.000,2.845
30-Mar-21,2488.000,2.811
31-Mar-21,2422.000,4.633
01-Apr-21,3116.000,3.314
02-Apr-21,2349.000,3.413
03-Apr-21,1890.000,4.433
04-Apr-21,2252.000,2.948
05-Apr-21,2290.000,3.488
06-Apr-21,2310.000,2.407
07-Apr-21,2640.000,2.533
08-Apr-21,2268.000,2.368
09-Apr-21,1792.000,3.512
10-Apr-21,1812.000,2.503
11-Apr-21,1526.000,3.342
12-Apr-21,2142.000,3.429
13-Apr-21,1894.000,3.199
14-Apr-21,2012.000,3.030
15-Apr-21,1728.000,3.967
16-Apr-21,2298.000,2.600
17-Apr-21,2168.000,3.704
18-Apr-21,1606.000,2.728
19-Apr-21,2470.000,3.112
20-Apr-21,1964.000,2.913
21-Apr-21,2184.000,3.047
22-Apr-21,2518.000,3.370
23-Apr-21,2516.000,3.222
24-Apr-21,3110.000,4.960
25-Apr-21,1894.000,2.897
26-Apr-21,1842.000,3.293
27-Apr-21,2164.000,4.000
28-Apr-21,2636.000,4.280
29-Apr-21,2346.000,3.528
30-Apr-21,1545.530,4.447
01-May-21,1836.000,3.648
02-May-21,2244.000,3.289
03-May-21,2420.000,3.315
04-May-21,2034.000,4.129
05-May-21,2324.000,5.456
06-May-21,2860.000,3.547
07-May-21,2682.000,3.752
08-May-21,2372.000,4.220
09-May-21,1740.000,3.069
10-May-21,1884.000,3.064
11-May-21,1816.000,3.097
12-May-21,2320.940,4.325
13-May-21,2274.000,4.124
14-May-21,2050.000,3.724
15-May-21,2440.000,4.798
16-May-21,1998.000,3.114
17-May-21,2370.000,3.772
18-May-21,2364.000,3.823
19-May-21,2038.000,3.040
20-May-21,2016.000,2.576
21-May-21,1857.000,3.793
22-May-21,2020.000,3.514
23-May-21,1896.000,3.531
24-May-21,1136.000,3.941
25-May-21,1778.000,3.058
26-May-21,1962.000,3.033
27-May-21,2382.000,3.441
28-May-21,2340.000,3.260
29-May-21,2026.000,3.120
30-May-21,2170.000,3.351
31-May-21,1622.000,2.500
01-Jun-21,2258.000,3.967
02-Jun-21,2418.000,4.440
03-Jun-21,1846.000,4.435
04-Jun-21,1904.000,3.545
05-Jun-21,1678.200,4.975
06-Jun-21,2118.000,2.801
07-Jun-21,1962.000,4.007
08-Jun-21,1978.000,3.666
09-Jun-21,1804.000,2.851
10-Jun-21,1342.000,2.725
11-Jun-21,1664.000,4.701
12-Jun-21,1780.000,3.775
13-Jun-21,1654.000,3.602
14-Jun-21,1490.000,2.877
15-Jun-21,1590.000,3.564
16-Jun-21,2223.000,4.832
17-Jun-21,1386.000,3.631
18-Jun-21,1652.850,4.675
19-Jun-21,1940.000,3.001
20-Jun-21,1648.000,5.109
21-Jun-21,2020.000,5.163
22-Jun-21,1950.000,4.426
23-Jun-21,2294.000,5.260
24-Jun-21,2154.000,4.320
25-Jun-21,2356.000,4.848
26-Jun-21,2094.000,5.196
27-Jun-21,1954.000,4.436
28-Jun-21,2266.000,3.312
29-Jun-21,2384.480,3.336
30-Jun-21,2424.000,4.720
01-Jul-21,1844.000,3.834
02-Jul-21,1526.000,4.674
03-Jul-21,2640.000,4.896
04-Jul-21,1978.000,3.609
05-Jul-21,2342.000,3.777
06-Jul-21,2336.000,4.750
07-Jul-21,1918.000,3.378
08-Jul-21,2196.000,4.167
09-Jul-21,2100.000,4.020
10-Jul-21,2092.000,3.744
11-Jul-21,1970.000,3.261
12-Jul-21,2386.000,3.033
13-Jul-21,1910.000,4.364
14-Jul-21,1996.000,5.224
15-Jul-21,1558.000,4.590
16-Jul-21,1736.000,6.335
17-Jul-21,1898.000,5.481
18-Jul-21,1736.000,3.558
19-Jul-21,2200.000,3.224
20-Jul-21,1750.000,5.577
21-Jul-21,1018.000,2.068
22-Jul-21,1666.000,4.904
23-Jul-21,2032.000,3.190
24-Jul-21,2038.000,3.692
25-Jul-21,1598.000,2.791
26-Jul-21,1884.000,4.100
27-Jul-21,1672.000,3.424
28-Jul-21,2304.000,4.020
29-Jul-21,2274.000,4.148
30-Jul-21,2106.000,4.361
31-Jul-21,2102.270,2.830
01-Aug-21,1564.000,2.540
02-Aug-21,2222.000,2.637
03-Aug-21,2462.000,3.307
04-Aug-21,2046.000,4.797
05-Aug-21,1606.000,4.353
06-Aug-21,2020.000,2.898
07-Aug-21,2162.000,4.296
08-Aug-21,1532.000,3.470
09-Aug-21,1794.000,3.329
10-Aug-21,1352.000,3.643
11-Aug-21,2204.000,3.388
12-Aug-21,1226.000,5.206
13-Aug-21,1640.000,4.788
14-Aug-21,2238.000,4.631
15-Aug-21,1900.000,3.439
16-Aug-21,1842.000,5.461
17-Aug-21,1576.000,4.362
18-Aug-21,1794.000,4.996
19-Aug-21,1380.000,4.141
20-Aug-21,1658.000,3.752
21-Aug-21,1458.000,3.408
22-Aug-21,2126.000,3.602
23-Aug-21,1780.000,3.211
24-Aug-21,1716.000,3.218
25-Aug-21,1848.000,4.580
26-Aug-21,2086.000,3.607
27-Aug-21,1694.000,4.489
28-Aug-21,1962.000,5.884
29-Aug-21,1842.000,3.373
30-Aug-21,2076.000,4.473
31-Aug-21,1626.000,3.682
01-Sep-21,2166.000,4.014
02-Sep-21,2442.000,4.427
03-Sep-21,2494.000,4.070
04-Sep-21,1944.000,3.646
05-Sep-21,2114.000,3.392
06-Sep-21,2002.000,3.689
07-Sep-21,1858.000,4.150
08-Sep-21,1750.000,3.197
09-Sep-21,2028.630,3.993
10-Sep-21,1712.000,3.673
11-Sep-21,2040.000,3.958
12-Sep-21,2136.000,2.518
13-Sep-21,1874.000,3.719
14-Sep-21,2410.000,4.892
15-Sep-21,2386.000,4.975
16-Sep-21,2386.000,4.210
17-Sep-21,2344.000,4.971
18-Sep-21,2193.130,4.464
19-Sep-21,1900.000,2.380
20-Sep-21,2420.000,4.610
21-Sep-21,2192.000,3.884
22-Sep-21,2298.000,4.176
23-Sep-21,2136.000,3.552
24-Sep-21,1816.000,3.441
25-Sep-21,2280.000,5.881
26-Sep-21,2168.000,4.272
27-Sep-21,2468.000,4.188
28-Sep-21,2140.000,5.127
29-Sep-21,2740.000,5.490
30-Sep-21,2898.000,5.228
01-Oct-21,1894.000,3.163
02-Oct-21,2616.000,5.885
03-Oct-21,2204.000,4.977
04-Oct-21,2521.630,5.085
05-Oct-21,2214.000,5.596
06-Oct-21,2456.000,4.600
07-Oct-21,2082.000,3.294
08-Oct-21,1962.000,3.169
09-Oct-21,2946.000,4.643
10-Oct-21,1988.150,4.899
11-Oct-21,2446.000,5.434
12-Oct-21,2182.000,5.101
13-Oct-21,1964.000,3.686
14-Oct-21,1876.000,4.245
15-Oct-21,1656.000,3.908
16-Oct-21,2504.000,3.336
17-Oct-21,2096.000,2.268
18-Oct-21,2484.000,4.588
19-Oct-21,2454.000,3.900
20-Oct-21,2524.000,3.416
21-Oct-21,1940.000,6.295
22-Oct-21,2178.000,5.167
23-Oct-21,2252.000,4.917
24-Oct-21,1566.000,3.022
25-Oct-21,1908.000,4.573
26-Oct-21,2054.000,2.363
27-Oct-21,2045.500,3.771
28-Oct-21,1728.000,3.292
29-Oct-21,2062.000,3.604
30-Oct-21,2190.000,3.296
31-Oct-21,1922.000,2.984
01-Nov-21,1218.000,2.900
02-Nov-21,1222.000,2.346
03-Nov-21,2392.000,3.193
04-Nov-21,1804.000,3.327
05-Nov-21,1806.000,4.281
06-Nov-21,1753.000,2.847
07-Nov-21,2074.000,3.055
08-Nov-21,2008.000,3.320
09-Nov-21,2108.000,4.071
10-Nov-21,2640.000,3.465
11-Nov-21,3378.000,4.984
12-Nov-21,2604.000,4.016
13-Nov-21,2496.000,4.762
14-Nov-21,1596.310,3.071
15-Nov-21,1928.000,3.453
16-Nov-21,1928.000,4.025
17-Nov-21,2098.000,4.900
18-Nov-21,2512.000,4.738
19-Nov-21,2846.000,6.495
20-Nov-21,2100.000,5.928
21-Nov-21,2523.000,6.204
22-Nov-21,2164.000,4.613
23-Nov-21,2496.000,5.448
24-Nov-21,2052.000,4.233
25-Nov-21,2302.000,5.866
26-Nov-21,2154.000,6.004
27-Nov-21,2600.000,6.752
28-Nov-21,2074.000,5.600
29-Nov-21,2369.440,4.862
30-Nov-21,2194.000,5.528
01-Dec-21,2682.000,4.686
02-Dec-21,2564.000,4.668
03-Dec-21,2764.000,4.996
04-Dec-21,2568.000,4.970
05-Dec-21,2224.000,5.046
06-Dec-21,1756.000,3.701
07-Dec-21,1898.000,6.825
08-Dec-21,1548.000,4.566
09-Dec-21,2244.000,4.721
10-Dec-21,2408.000,5.192
11-Dec-21,2398.000,5.671
12-Dec-21,2114.000,3.697
13-Dec-21,2452.000,3.532
14-Dec-21,2392.000,3.836
15-Dec-21,2728.000,4.818
16-Dec-21,2236.000,5.378
17-Dec-21,2300.000,4.099
18-Dec-21,2602.000,4.283
19-Dec-21,2368.000,4.979
20-Dec-21,1844.000,4.311
21-Dec-21,2310.000,6.247
22-Dec-21,2342.000,4.357
23-Dec-21,2568.000,5.926
24-Dec-21,2232.000,2.878
25-Dec-21,1292.000,3.274
26-Dec-21,1730.000,3.453
27-Dec-21,2078.000,3.403
28-Dec-21,2358.000,5.460
29-Dec-21,2328.000,3.716
30-Dec-21,2124.000,4.017
31-Dec-21,1434.000,3.536
01-Jan-22,876.000,3.922
02-Jan-22,1500.000,3.623
03-Jan-22,2366.000,3.296
04-Jan-22,2721.000,5.470
05-Jan-22,2242.000,2.526
06-Jan-22,2700.000,4.708
07-Jan-22,2910.000,3.699
08-Jan-22,2716.000,4.197
09-Jan-22,2386.000,3.932
10-Jan-22,2146.000,4.853
11-Jan-22,2266.000,4.102
12-Jan-22,1996.000,3.647
13-Jan-22,2342.000,3.759
14-Jan-22,2526.000,4.447
15-Jan-22,2206.000,4.504
16-Jan-22,1734.000,3.060
17-Jan-22,2158.000,4.827
18-Jan-22,2176.000,4.705
19-Jan-22,2212.000,5.039
20-Jan-22,2252.000,4.101
21-Jan-22,1314.000,4.797
22-Jan-22,1748.000,4.057
23-Jan-22,1904.000,5.470
24-Jan-22,2136.000,3.714
25-Jan-22,2314.000,3.927
26-Jan-22,2354.000,3.967
27-Jan-22,2298.000,4.015
28-Jan-22,2694.000,4.737
29-Jan-22,2388.000,3.291
30-Jan-22,2450.000,3.692
31-Jan-22,1942.000,3.718
01-Feb-22,1526.000,3.872
02-Feb-22,2648.000,4.053
03-Feb-22,2220.000,3.362
04-Feb-22,2884.000,4.990
05-Feb-22,2528.000,5.497
06-Feb-22,2494.000,3.900
07-Feb-22,2460.000,3.390
08-Feb-22,2044.000,3.126
09-Feb-22,2174.000,3.524
10-Feb-22,2368.000,4.200
11-Feb-22,2352.000,4.331
12-Feb-22,2754.000,5.043
13-Feb-22,2332.000,3.495
14-Feb-22,2406.000,3.955
15-Feb-22,2420.000,3.893
16-Feb-22,2000.000,4.791
17-Feb-22,1442.000,2.720
18-Feb-22,2088.000,5.129
19-Feb-22,2786.000,3.657
20-Feb-22,2368.000,3.169
21-Feb-22,1994.000,5.834
22-Feb-22,2550.000,4.835
23-Feb-22,1902.000,4.109
24-Feb-22,2004.000,3.615
25-Feb-22,2332.000,3.375
26-Feb-22,2390.000,4.892
27-Feb-22,2298.000,3.641
28-Feb-22,1582.000,2.839
01-Mar-22,2128.000,3.637
02-Mar-22,1984.000,2.664
03-Mar-22,2316.760,3.431
04-Mar-22,2602.000,3.689
05-Mar-22,2710.000,3.203
06-Mar-22,2114.000,2.832
07-Mar-22,2296.000,3.884
08-Mar-22,2402.000,3.464
09-Mar-22,2246.000,4.482
10-Mar-22,2180.000,3.411
11-Mar-22,2046.000,3.775
12-Mar-22,2450.000,2.986
13-Mar-22,1998.000,2.887
14-Mar-22,1838.000,2.832
15-Mar-22,2169.500,2.818
16-Mar-22,2110.000,2.619
17-Mar-22,1694.000,2.947
18-Mar-22,2220.000,2.963
19-Mar-22,2664.000,3.147
20-Mar-22,2244.000,3.604
21-Mar-22,2092.000,2.275
22-Mar-22,2332.000,5.857
23-Mar-22,2198.000,3.888
24-Mar-22,2580.000,4.237
25-Mar-22,2196.000,3.248
26-Mar-22,2361.010,4.737
27-Mar-22,2107.000,3.741
28-Mar-22,2388.000,5.704
29-Mar-22,2020.000,5.521
30-Mar-22,2902.000,4.603
31-Mar-22,2850.000,3.619
01-Apr-22,2676.000,4.357
02-Apr-22,2834.000,3.169
03-Apr-22,2010.000,4.077
04-Apr-22,2172.000,3.702
05-Apr-22,2722.000,2.648
06-Apr-22,2430.000,3.138
07-Apr-22,2530.000,4.990
08-Apr-22,2742.000,4.420
09-Apr-22,2270.530,2.587
10-Apr-22,2118.390,4.211
11-Apr-22,2862.000,2.796
12-Apr-22,1974.000,2.963
13-Apr-22,2340.000,2.591
14-Apr-22,3038.000,3.567
15-Apr-22,2413.710,4.012
16-Apr-22,2284.000,5.399
17-Apr-22,2102.000,2.752
18-Apr-22,2594.000,5.127
19-Apr-22,2682.000,3.278
20-Apr-22,2690.900,3.324
21-Apr-22,2668.000,3.965
22-Apr-22,3020.000,4.780
23-Apr-22,2606.000,3.902
24-Apr-22,2237.310,2.890
25-Apr-22,2012.000,2.339
26-Apr-22,2282.000,4.304
27-Apr-22,2578.000,4.160
28-Apr-22,2154.000,4.157
29-Apr-22,2296.000,7.272
30-Apr-22,2640.000,5.324
01-May-22,2613.700,4.198
02-May-22,2584.000,5.529
03-May-22,2186.000,4.677
04-May-22,2176.000,4.007
05-May-22,2562.000,3.308
06-May-22,2702.000,5.218
07-May-22,2453.940,4.187
08-May-22,2412.000,2.793
09-May-22,520.000,2.283
10-May-22,2232.000,4.085
11-May-22,2512.000,2.852
12-May-22,2330.000,3.232
13-May-22,2792.000,4.168
14-May-22,2310.000,4.105
15-May-22,2544.000,3.972
16-May-22,2250.000,3.082
17-May-22,2762.000,2.261
18-May-22,2306.000,3.176
19-May-22,2608.000,3.840
20-May-22,2806.000,4.497
21-May-22,2706.000,4.367
22-May-22,2536.000,3.486
23-May-22,2641.070,3.041
24-May-22,2796.000,4.626
25-May-22,2154.000,2.637
26-May-22,2452.000,3.943
27-May-22,3188.000,3.814
28-May-22,2848.000,6.303
29-May-22,2536.000,6.123
30-May-22,2752.000,6.564
31-May-22,2310.000,4.061
01-Jun-22,2050.000,5.781
02-Jun-22,2620.000,3.684
03-Jun-22,2666.000,5.041
04-Jun-22,2514.000,5.609
05-Jun-22,2264.540,5.735
06-Jun-22,2702.000,3.875
07-Jun-22,2500.000,5.720
08-Jun-22,2726.000,4.178
09-Jun-22,1960.000,4.048
10-Jun-22,1856.000,5.247
11-Jun-22,2352.000,2.672
12-Jun-22,2572.000,2.901
13-Jun-22,2614.000,4.033
14-Jun-22,2373.130,4.065
15-Jun-22,2504.000,3.041
16-Jun-22,2904.000,3.785
17-Jun-22,2220.000,3.293
18-Jun-22,2806.000,3.931
19-Jun-22,2110.000,4.077
20-Jun-22,2962.000,3.969
21-Jun-22,2320.180,3.180
22-Jun-22,2450.000,3.987
23-Jun-22,2350.000,3.957
24-Jun-22,1974.000,3.666
25-Jun-22,2268.000,4.267
26-Jun-22,2540.000,3.577
27-Jun-22,2470.000,4.160
28-Jun-22,2332.000,3.277
29-Jun-22,2246.080,4.721
30-Jun-22,2382.000,4.783
01-Jul-22,2164.000,3.877
02-Jul-22,2970.000,4.186
03-Jul-22,2712.000,4.520
04-Jul-22,2256.000,4.301
05-Jul-22,2580.000,2.660
06-Jul-22,2596.000,4.050
07-Jul-22,2092.000,4.262
08-Jul-22,2578.000,2.840
09-Jul-22,2308.000,4.599
10-Jul-22,2958.000,3.346
11-Jul-22,2538.570,3.707
12-Jul-22,2636.000,3.558
13-Jul-22,2620.000,5.404
14-Jul-22,2554.000,4.187
15-Jul-22,2522.000,4.652
16-Jul-22,2146.000,3.138
17-Jul-22,2428.000,3.959
18-Jul-22,2766.000,2.959
19-Jul-22,2660.000,4.263
20-Jul-22,2556.000,2.909
21-Jul-22,2602.000,3.643
22-Jul-22,3427.420,3.189
23-Jul-22,2382.000,3.921
24-Jul-22,2584.000,2.769
25-Jul-22,2520.000,2.963
26-Jul-22,3206.000,3.535
27-Jul-22,1774.000,3.164
28-Jul-22,2376.000,3.904
29-Jul-22,2974.000,3.696
30-Jul-22,3376.000,3.822
31-Jul-22,3242.000,4.388
01-Aug-22,2572.000,3.609
02-Aug-22,2938.000,4.385
03-Aug-22,2290.000,5.065
04-Aug-22,2910.000,3.912
05-Aug-22,2788.000,3.676
06-Aug-22,2622.000,5.856
07-Aug-22,2480.000,3.420
08-Aug-22,2570.580,4.754
09-Aug-22,2686.000,3.826
10-Aug-22,3026.000,4.697
11-Aug-22,3196.000,4.092
12-Aug-22,3354.000,4.231
13-Aug-22,2828.000,5.460
14-Aug-22,2136.000,3.794
15-Aug-22,2204.000,5.080
16-Aug-22,2446.000,3.769
17-Aug-22,2622.500,3.214
18-Aug-22,2234.000,3.806
19-Aug-22,2870.000,3.412
20-Aug-22,3104.000,3.488
21-Aug-22,1546.000,3.243
22-Aug-22,2576.000,5.207
23-Aug-22,2518.000,5.770
24-Aug-22,2774.000,4.462
25-Aug-22,2566.000,4.337
26-Aug-22,3006.000,4.241
27-Aug-22,2284.000,4.473
28-Aug-22,2368.000,4.904
29-Aug-22,2190.000,4.168
30-Aug-22,2386.000,3.836
31-Aug-22,2378.000,5.108
01-Sep-22,2086.000,2.555
02-Sep-22,1758.000,3.246
03-Sep-22,3352.000,4.076
04-Sep-22,1580.000,3.706
05-Sep-22,2424.000,4.181
06-Sep-22,2766.000,3.797
07-Sep-22,3076.000,3.129
08-Sep-22,2568.000,4.028
09-Sep-22,1262.000,4.594
10-Sep-22,3210.000,5.326
11-Sep-22,1878.000,2.935
12-Sep-22,2934.000,4.704
13-Sep-22,2200.000,5.366
14-Sep-22,2946.000,6.176
15-Sep-22,2866.000,3.741
16-Sep-22,2818.000,5.324
17-Sep-22,2698.000,3.953
18-Sep-22,2892.000,6.298
19-Sep-22,2250.000,4.367
20-Sep-22,2760.000,4.556
21-Sep-22,2550.000,4.655
22-Sep-22,2382.400,3.691
23-Sep-22,3160.000,4.097
24-Sep-22,2566.000,4.966
25-Sep-22,2556.000,3.396
26-Sep-22,2608.000,3.634
27-Sep-22,2312.000,5.118
28-Sep-22,2486.000,3.765
29-Sep-22,2202.000,4.351
30-Sep-22,1742.000,4.300
01-Oct-22,2428.000,4.075
02-Oct-22,2102.000,3.561
03-Oct-22,2780.000,4.254
04-Oct-22,2965.500,3.569
05-Oct-22,2516.000,4.086
06-Oct-22,2196.000,5.577
07-Oct-22,2704.000,5.625
08-Oct-22,2850.000,5.259
09-Oct-22,2286.000,3.881
10-Oct-22,2334.000,5.254
11-Oct-22,2788.000,4.728
12-Oct-22,2600.000,6.397
13-Oct-22,1910.000,5.216
14-Oct-22,3452.000,4.297
15-Oct-22,2288.000,4.042
16-Oct-22,2382.000,4.880
17-Oct-22,3094.000,4.121
18-Oct-22,3202.000,3.976
19-Oct-22,2456.000,2.956
20-Oct-22,2439.220,4.553
21-Oct-22,3222.000,5.840
22-Oct-22,2506.000,3.374
23-Oct-22,2180.000,2.984
24-Oct-22,2562.000,3.089
25-Oct-22,3356.000,4.054
26-Oct-22,3002.000,2.264
27-Oct-22,2412.000,2.875
28-Oct-22,2228.000,3.711
29-Oct-22,1844.000,4.148
30-Oct-22,1914.000,4.358
31-Oct-22,2084.000,3.135
01-Nov-22,1750.000,2.592
02-Nov-22,2282.000,2.547
03-Nov-22,2744.000,4.709
04-Nov-22,3234.000,5.167
05-Nov-22,2110.000,3.836
06-Nov-22,2476.000,4.114
07-Nov-22,2636.000,4.120
08-Nov-22,2552.000,5.093
09-Nov-22,3472.000,4.563
10-Nov-22,2960.000,4.622
11-Nov-22,2622.000,4.088
12-Nov-22,2944.000,3.465
13-Nov-22,2276.000,2.603
14-Nov-22,2633.010,3.003
15-Nov-22,2150.000,4.062
16-Nov-22,2538.000,4.868
17-Nov-22,3002.000,4.076
18-Nov-22,2804.000,6.746
19-Nov-22,2882.000,5.687
20-Nov-22,2218.000,4.554
21-Nov-22,2646.000,4.339
22-Nov-22,2418.000,4.838
23-Nov-22,2210.000,4.017
24-Nov-22,2164.000,3.852
25-Nov-22,2532.000,6.067
26-Nov-22,2918.000,3.968
27-Nov-22,2914.000,4.235
28-Nov-22,2502.000,4.295
29-Nov-22,2202.000,5.124
30-Nov-22,2686.600,4.520
01-Dec-22,2600.000,3.490
02-Dec-22,2972.000,4.560
03-Dec-22,2366.000,3.500
04-Dec-22,1766.000,4.170
05-Dec-22,2034.000,4.500
06-Dec-22,2528.000,2.850
07-Dec-22,2336.000,3.600
08-Dec-22,2504.000,5.280
09-Dec-22,1868.000,6.590
10-Dec-22,2386.000,5.270
11-Dec-22,2038.000,5.350
12-Dec-22,2448.000,3.390
13-Dec-22,2280.000,3.410
14-Dec-22,2406.000,3.800
15-Dec-22,2302.000,3.980
16-Dec-22,2374.000,3.370
17-Dec-22,1898.000,4.440
18-Dec-22,1804.000,3.640
19-Dec-22,2162.000,2.170
20-Dec-22,2540.000,3.000
21-Dec-22,2428.000,4.520
22-Dec-22,2118.000,4.610
23-Dec-22,2212.000,4.770
24-Dec-22,1884.000,3.800
25-Dec-22,1612.000,3.150
26-Dec-22,812.000,4.510
27-Dec-22,2158.000,3.850
28-Dec-22,2694.000,3.820
29-Dec-22,1912.000,4.860
30-Dec-22,2312.000,4.090
31-Dec-22,1924.000,4.920
01-Jan-23,668.000,4.468
02-Jan-23,1534.000,6.526
03-Jan-23,2220.000,2.816
04-Jan-23,2382.000,2.571
05-Jan-23,2026.000,2.617
06-Jan-23,2542.000,3.221
07-Jan-23,2702.000,3.185
08-Jan-23,2273.720,3.206
09-Jan-23,2776.000,2.498
10-Jan-23,2518.000,5.248
11-Jan-23,2584.000,4.801
12-Jan-23,3260.000,3.928
13-Jan-23,2994.000,2.673
14-Jan-23,2610.000,3.339
15-Jan-23,2580.000,4.101
16-Jan-23,2608.000,3.132
17-Jan-23,2376.000,3.259
18-Jan-23,1752.000,2.497
19-Jan-23,1758.000,2.858
20-Jan-23,2124.000,4.990
21-Jan-23,1882.000,2.642
22-Jan-23,2090.000,2.558
23-Jan-23,2718.000,3.078
24-Jan-23,2222.000,2.682
25-Jan-23,2378.000,2.575
26-Jan-23,2434.000,2.737
27-Jan-23,2536.000,4.110
28-Jan-23,1676.000,3.784
29-Jan-23,2326.000,4.127
30-Jan-23,2282.000,4.165
31-Jan-23,2112.000,3.388
01-Feb-23,2532.000,3.125
02-Feb-23,3040.000,2.762
03-Feb-23,2170.000,2.782
04-Feb-23,2458.000,3.425
05-Feb-23,1938.000,2.472
06-Feb-23,2664.000,3.943
07-Feb-23,2402.000,4.437
08-Feb-23,2562.000,2.424
09-Feb-23,2008.000,3.884
10-Feb-23,1878.000,3.871
11-Feb-23,1942.000,3.774
12-Feb-23,2556.000,4.721
13-Feb-23,2724.000,4.261
14-Feb-23,2218.000,6.988
15-Feb-23,1734.000,3.836
16-Feb-23,2378.000,4.238
17-Feb-23,2860.000,5.763
18-Feb-23,2596.000,4.917
19-Feb-23,1402.000,6.329
20-Feb-23,2248.000,5.175
21-Feb-23,2878.000,4.614
22-Feb-23,1898.000,5.335
23-Feb-23,2681.000,5.018
24-Feb-23,2836.000,5.162
25-Feb-23,2822.000,5.023
26-Feb-23,2566.000,3.512
27-Feb-23,2360.000,4.199
28-Feb-23,2098.000,3.701
01-Mar-23,2374.400,4.792
02-Mar-23,2538.000,4.646
03-Mar-23,2464.000,6.147
04-Mar-23,2538.000,5.733
05-Mar-23,2992.000,4.626
06-Mar-23,2290.000,5.364
07-Mar-23,1710.000,4.417
08-Mar-23,198.000,3.464
09-Mar-23,1680.000,4.476
10-Mar-23,2554.000,4.570
11-Mar-23,1658.000,2.933
12-Mar-23,2034.000,2.852
13-Mar-23,1910.000,3.654
14-Mar-23,2706.000,5.065
15-Mar-23,1072.000,3.366
16-Mar-23,362.000,3.595
17-Mar-23,,
18-Mar-23,,
19-Mar-23,334.000,4.139
20-Mar-23,1046.000,3.334
21-Mar-23,1840.200,2.340
22-Mar-23,2600.000,2.373
23-Mar-23,2760.000,2.758
24-Mar-23,2972.000,4.825
25-Mar-23,2724.000,4.689
26-Mar-23,2706.000,6.049
27-Mar-23,2220.000,4.419
28-Mar-23,2424.000,3.646
29-Mar-23,2814.000,4.589
30-Mar-23,2340.000,4.513
31-Mar-23,2432.000,5.207
01-Apr-23,2094.000,3.997
02-Apr-23,2192.000,4.866
03-Apr-23,2632.000,5.036
04-Apr-23,2512.000,4.821
05-Apr-23,2666.000,4.678
06-Apr-23,3204.000,3.659
07-Apr-23,2828.000,3.803
08-Apr-23,1758.000,4.301
09-Apr-23,2674.000,4.188
10-Apr-23,2608.000,3.875
11-Apr-23,1890.000,4.612
12-Apr-23,2810.000,3.871
13-Apr-23,2381.300,5.391
14-Apr-23,2658.000,4.088
15-Apr-23,2550.000,4.567
16-Apr-23,2674.000,5.555
17-Apr-23,1638.000,4.921
18-Apr-23,2220.000,4.819
19-Apr-23,1650.000,3.883
20-Apr-23,2718.000,3.876
21-Apr-23,2268.000,3.327
22-Apr-23,2398.000,3.534
23-Apr-23,3008.000,4.015
24-Apr-23,2730.000,3.449
25-Apr-23,3444.000,3.603
26-Apr-23,3088.000,5.050
27-Apr-23,3344.000,5.086
28-Apr-23,3258.000,4.641
29-Apr-23,3006.000,5.684
30-Apr-23,1988.000,4.180
01-May-23,2552.000,3.616
02-May-23,2622.000,4.403
03-May-23,2796.000,4.074
04-May-23,2246.000,2.966
05-May-23,2582.000,5.052
06-May-23,2248.000,5.968
07-May-23,2044.000,5.273
08-May-23,2428.000,4.654
09-May-23,2590.000,3.448
10-May-23,2446.000,5.367
11-May-23,2594.000,3.649
12-May-23,2498.000,3.991
13-May-23,2494.000,3.950
14-May-23,2098.000,4.962
15-May-23,2182.000,3.759
16-May-23,2436.000,4.247
17-May-23,2536.000,3.944
18-May-23,2640.000,3.996
19-May-23,2642.000,4.480
20-May-23,2730.000,2.830
21-May-23,2104.000,3.704
22-May-23,1966.000,3.279
23-May-23,2740.000,4.574
24-May-23,2524.000,4.696
25-May-23,2532.000,3.321
26-May-23,2648.000,4.159
27-May-23,2902.000,5.325
28-May-23,2292.000,2.677
29-May-23,1914.000,5.034
30-May-23,2148.000,3.243
31-May-23,2374.000,3.752
01-Jun-23,2620.000,3.860
02-Jun-23,2358.000,5.190
03-Jun-23,2754.400,2.930
04-Jun-23,2070.000,4.550
05-Jun-23,2192.000,3.830
06-Jun-23,2868.000,3.750
07-Jun-23,2868.000,3.740
08-Jun-23,2770.000,3.840
09-Jun-23,3176.000,3.080
10-Jun-23,2874.000,3.930
11-Jun-23,2954.600,3.450
12-Jun-23,2110.000,3.470
13-Jun-23,1680.000,3.010
14-Jun-23,2198.000,4.160
15-Jun-23,2530.000,4.370
16-Jun-23,2848.000,4.990
17-Jun-23,2070.800,4.980
18-Jun-23,2908.000,4.510
19-Jun-23,2570.000,5.490
20-Jun-23,3118.000,3.540
21-Jun-23,2584.000,3.790
22-Jun-23,2896.000,4.680
23-Jun-23,3758.000,4.000
24-Jun-23,676.000,4.780
25-Jun-23,1638.000,3.560
26-Jun-23,2322.000,4.390
27-Jun-23,2320.000,3.210
28-Jun-23,3068.000,3.420
29-Jun-23,2952.000,4.620
30-Jun-23,2858.000,4.760
01-Jul-23,2676.000,3.438
02-Jul-23,2228.000,3.283
03-Jul-23,2476.000,4.216
04-Jul-23,2280.000,3.002
05-Jul-23,3337.900,3.991
06-Jul-23,2876.000,3.170
07-Jul-23,2932.000,3.747
08-Jul-23,2554.000,4.142
09-Jul-23,2196.000,3.220
10-Jul-23,2348.000,4.513
11-Jul-23,2769.000,3.197
12-Jul-23,2550.000,3.647
13-Jul-23,2938.000,3.741
14-Jul-23,1959.900,4.275
15-Jul-23,2736.000,3.560
16-Jul-23,2180.000,3.527
17-Jul-23,2812.000,3.199
18-Jul-23,2566.000,4.592
19-Jul-23,2104.000,5.334
20-Jul-23,3200.000,4.982
21-Jul-23,3300.000,5.286
22-Jul-23,3686.000,4.817
23-Jul-23,3120.000,3.980
24-Jul-23,2610.000,3.660
25-Jul-23,2780.000,3.986
26-Jul-23,3056.000,3.398
27-Jul-23,2264.000,2.884
28-Jul-23,2966.000,4.946
29-Jul-23,3149.460,3.537
30-Jul-23,2428.000,3.296
31-Jul-23,3052.000,4.770
01-Aug-23,2292.000,3.465
02-Aug-23,2880.000,3.610
03-Aug-23,3032.000,2.468
04-Aug-23,2770.000,3.483
05-Aug-23,2526.000,5.116
06-Aug-23,2448.000,4.803
07-Aug-23,3096.000,4.511
08-Aug-23,3424.000,4.374
09-Aug-23,2726.000,4.040
10-Aug-23,2998.000,4.196
11-Aug-23,3256.000,4.506
12-Aug-23,3288.000,4.528
13-Aug-23,2134.000,4.486
14-Aug-23,2416.000,3.934
15-Aug-23,2788.000,4.805
16-Aug-23,1946.000,5.106
17-Aug-23,2722.000,5.159
18-Aug-23,3078.000,5.780
19-Aug-23,2332.000,2.941
20-Aug-23,1838.000,3.435
21-Aug-23,2446.000,2.629
22-Aug-23,1692.000,3.612
23-Aug-23,2782.000,4.773
24-Aug-23,3060.000,4.925
25-Aug-23,2658.000,4.970
26-Aug-23,2748.000,5.711
27-Aug-23,2802.000,4.125
28-Aug-23,2428.000,6.224
29-Aug-23,2598.000,4.118
30-Aug-23,2722.000,3.445
31-Aug-23,2116.000,3.488
01-Sep-23,2450.000,5.330
02-Sep-23,3268.000,6.540
03-Sep-23,2448.000,5.310
04-Sep-23,3136.000,5.000
05-Sep-23,3494.000,5.050
06-Sep-23,3220.000,4.870
07-Sep-23,3094.000,5.260
08-Sep-23,3408.000,4.410
09-Sep-23,1542.000,5.320
10-Sep-23,2502.400,6.420
11-Sep-23,2926.000,3.490
12-Sep-23,3030.000,3.570
13-Sep-23,3270.000,3.330
14-Sep-23,2078.000,4.170
15-Sep-23,3074.000,3.810
16-Sep-23,3266.000,5.290
17-Sep-23,3004.000,3.840
18-Sep-23,2538.000,3.250
19-Sep-23,3074.000,3.650
20-Sep-23,2852.000,4.910
21-Sep-23,2880.000,4.370
22-Sep-23,2992.000,3.660
23-Sep-23,2956.600,3.550
24-Sep-23,2934.000,3.800
25-Sep-23,2700.000,3.360
26-Sep-23,2608.000,4.250
27-Sep-23,3028.000,2.930
28-Sep-23,3394.000,2.910
29-Sep-23,2782.000,4.970
30-Sep-23,3122.000,5.200
01-Oct-23,2520.000,4.257
02-Oct-23,2904.000,3.822
03-Oct-23,3238.000,3.662
04-Oct-23,3408.000,3.786
05-Oct-23,3198.000,4.218
06-Oct-23,3010.000,5.446
07-Oct-23,2948.000,5.045
08-Oct-23,3378.000,6.340
09-Oct-23,2712.000,5.854
10-Oct-23,2936.000,6.093
11-Oct-23,2120.000,4.363
12-Oct-23,2852.000,4.024
13-Oct-23,3016.000,4.447
14-Oct-23,3082.400,4.693
15-Oct-23,2098.000,3.528
16-Oct-23,3098.000,3.460
17-Oct-23,2814.000,4.206
18-Oct-23,3276.000,4.057
19-Oct-23,2572.000,4.563
20-Oct-23,3440.000,3.681
21-Oct-23,3094.000,5.084
22-Oct-23,2626.700,5.521
23-Oct-23,3074.000,4.264
24-Oct-23,3542.000,5.276
25-Oct-23,2300.000,5.123
26-Oct-23,3404.000,3.865
27-Oct-23,3422.000,4.152
28-Oct-23,3496.000,4.278
29-Oct-23,2588.000,6.305
30-Oct-23,1716.000,5.583
31-Oct-23,3120.000,5.698
01-Nov-23,2794.000,5.612
02-Nov-23,1988.000,3.115
03-Nov-23,2442.000,3.734
04-Nov-23,2932.000,5.723
05-Nov-23,2849.800,5.246
06-Nov-23,2454.000,5.866
07-Nov-23,2654.000,5.596
08-Nov-23,3236.000,4.573
09-Nov-23,2746.000,3.998
10-Nov-23,3288.000,6.093
11-Nov-23,3788.400,6.459
12-Nov-23,2658.000,6.713
13-Nov-23,3330.000,5.247
14-Nov-23,2942.000,5.202
15-Nov-23,3102.000,5.207
16-Nov-23,2864.000,4.573
17-Nov-23,3726.000,3.995
18-Nov-23,3448.000,3.163
19-Nov-23,4246.000,2.943
20-Nov-23,2028.000,4.026
21-Nov-23,2538.000,5.703
22-Nov-23,3718.000,6.033
23-Nov-23,2902.000,5.666
24-Nov-23,2884.000,5.207
25-Nov-23,2586.000,3.802
26-Nov-23,2156.000,5.191
27-Nov-23,3918.000,5.628
28-Nov-23,3382.000,4.653
29-Nov-23,2116.780,3.708
30-Nov-23,3068.000,4.864
01-Dec-23,3174.000,4.420
02-Dec-23,2468.000,4.170
03-Dec-23,2084.000,6.930
04-Dec-23,3066.000,6.880
05-Dec-23,2240.000,4.800
06-Dec-23,3734.000,4.060
07-Dec-23,3358.000,3.940
08-Dec-23,3774.000,5.500
09-Dec-23,2682.000,5.380
10-Dec-23,2730.000,6.260
11-Dec-23,3142.000,5.920
12-Dec-23,3374.000,3.920
13-Dec-23,2290.000,3.280
14-Dec-23,3604.000,4.630
15-Dec-23,2828.000,4.140
16-Dec-23,2552.000,5.620
17-Dec-23,2792.000,3.500
18-Dec-23,3392.000,4.210
19-Dec-23,2854.000,4.830
20-Dec-23,2396.000,4.590
21-Dec-23,2518.000,3.530
22-Dec-23,3038.000,3.150
23-Dec-23,2638.000,2.910
24-Dec-23,2088.000,2.820
25-Dec-23,2362.000,2.940
26-Dec-23,2428.000,2.560
27-Dec-23,2880.000,4.480
28-Dec-23,3192.000,4.900
29-Dec-23,3382.000,3.080
30-Dec-23,2284.000,3.450
31-Dec-23,1800.000,4.740
01-Jan-24,908.000,4.583
02-Jan-24,1360.000,5.545
03-Jan-24,1996.000,5.572
04-Jan-24,2752.000,3.622
05-Jan-24,2772.000,3.859
06-Jan-24,2104.000,3.873
07-Jan-24,2153.550,3.579
08-Jan-24,2476.000,2.430
09-Jan-24,3252.000,3.750
10-Jan-24,1632.000,4.042
11-Jan-24,2848.000,3.289
12-Jan-24,2888.000,3.456
13-Jan-24,2346.000,3.817
14-Jan-24,2724.000,2.888
15-Jan-24,2144.000,2.826
16-Jan-24,1928.000,2.963
17-Jan-24,2304.000,2.944
18-Jan-24,2016.000,2.340
19-Jan-24,2076.000,3.091
20-Jan-24,1620.000,2.739
21-Jan-24,2131.360,4.764
22-Jan-24,2380.000,4.642
23-Jan-24,2596.000,5.289
24-Jan-24,2532.000,2.876
25-Jan-24,2556.000,3.793
26-Jan-24,3128.000,5.526
27-Jan-24,2904.000,4.990
28-Jan-24,2996.000,4.076
29-Jan-24,2432.000,3.788
30-Jan-24,3268.000,3.616
31-Jan-24,1392.000,2.499
01-Feb-24,416.000,1.629
02-Feb-24,224.000,3.284
03-Feb-24,1580.000,3.774
04-Feb-24,1844.000,5.132
05-Feb-24,2084.600,3.812
06-Feb-24,1612.000,3.729
07-Feb-24,64.000,4.400
08-Feb-24,688.000,3.832
09-Feb-24,1460.000,3.486
10-Feb-24,1600.000,3.993
11-Feb-24,2044.000,4.268
12-Feb-24,2290.000,3.616
13-Feb-24,2604.000,3.456
14-Feb-24,2932.000,3.540
15-Feb-24,2188.000,2.802
16-Feb-24,2238.000,3.466
17-Feb-24,2653.000,3.902
18-Feb-24,2392.000,3.604
19-Feb-24,2340.000,2.772
20-Feb-24,2428.000,3.865
21-Feb-24,2692.000,3.673
22-Feb-24,2036.000,3.992
23-Feb-24,1152.000,4.212
24-Feb-24,1820.000,3.843
25-Feb-24,2048.000,4.315
26-Feb-24,2348.000,2.984
27-Feb-24,2156.000,4.066
28-Feb-24,3188.000,3.855
29-Feb-24,2952.000,2.605
01-Mar-24,1844.000,3.510
02-Mar-24,2136.000,2.730
03-Mar-24,2620.000,3.160
04-Mar-24,2964.000,5.410
05-Mar-24,2536.000,4.230
06-Mar-24,2348.000,5.690
07-Mar-24,1424.000,2.640
08-Mar-24,1392.000,2.930
09-Mar-24,3292.000,4.310
10-Mar-24,2260.000,5.060
11-Mar-24,2112.000,3.130
12-Mar-24,3004.000,5.530
13-Mar-24,2250.000,5.360
14-Mar-24,3004.000,5.030
15-Mar-24,1720.000,3.920
16-Mar-24,2384.000,4.290
17-Mar-24,2172.000,3.100
18-Mar-24,2576.000,4.350
19-Mar-24,2592.000,4.410
20-Mar-24,2948.000,5.010
21-Mar-24,2172.000,3.830
22-Mar-24,2004.000,3.350
23-Mar-24,2720.000,4.340
24-Mar-24,2516.000,4.250
25-Mar-24,2716.000,6.590
26-Mar-24,2756.000,5.000
27-Mar-24,1936.000,7.140
28-Mar-24,1748.000,4.970
29-Mar-24,2660.000,5.080
30-Mar-24,1596.000,4.580
31-Mar-24,1960.000,3.190
01-Apr-24,1476.000,3.220
02-Apr-24,2380.000,2.678
03-Apr-24,2940.000,3.358
04-Apr-24,2140.000,4.191
05-Apr-24,2660.000,3.201
06-Apr-24,1876.000,3.225
07-Apr-24,2012.000,3.777
08-Apr-24,2136.000,3.463
09-Apr-24,2308.000,3.920
10-Apr-24,3604.000,4.956
11-Apr-24,2496.000,3.819
12-Apr-24,2316.000,3.354
13-Apr-24,2516.000,4.878
14-Apr-24,1752.000,3.026
15-Apr-24,1424.000,2.083
16-Apr-24,2640.000,2.611
17-Apr-24,2252.000,4.826
18-Apr-24,2400.000,4.665
19-Apr-24,2052.000,3.916
20-Apr-24,2548.000,2.863
21-Apr-24,2836.000,3.602
22-Apr-24,2012.000,3.460
23-Apr-24,2148.000,3.397
24-Apr-24,3232.000,4.204
25-Apr-24,2312.000,2.934
26-Apr-24,2860.000,2.160
27-Apr-24,2832.000,2.507
28-Apr-24,2116.000,3.562
29-Apr-24,2453.850,3.761
30-Apr-24,2908.000,3.332
01-May-24,2188.000,3.282
02-May-24,2796.000,3.086
03-May-24,2732.000,2.458
04-May-24,2320.000,3.639
05-May-24,1948.000,2.490
06-May-24,2208.000,2.842
07-May-24,3080.000,2.608
08-May-24,1576.000,1.990
09-May-24,2316.000,3.174
10-May-24,2856.000,2.575
11-May-24,2740.000,3.573
12-May-24,1918.000,3.069
13-May-24,2180.000,3.230
14-May-24,3300.000,7.393
15-May-24,2624.000,3.613
16-May-24,2436.000,4.317
17-May-24,2644.000,4.639
18-May-24,2624.000,3.662
19-May-24,2187.000,5.267
20-May-24,2824.000,6.646
21-May-24,2804.000,5.899
22-May-24,3148.000,3.551
23-May-24,2372.000,5.360
24-May-24,2816.000,4.773
25-May-24,2948.000,4.082
26-May-24,2070.000,3.815
27-May-24,2500.000,5.817
28-May-24,3053.000,5.882
29-May-24,2352.000,5.265
30-May-24,2728.000,5.834
31-May-24,2640.000,4.452
01-Jun-24,2560.000,5.490
02-Jun-24,2256.000,5.170
03-Jun-24,2616.000,4.000
04-Jun-24,2672.000,3.670
05-Jun-24,3032.000,2.900
06-Jun-24,3044.000,4.200
07-Jun-24,2494.000,3.650
08-Jun-24,2592.000,3.640
09-Jun-24,2240.000,4.340
10-Jun-24,2184.000,3.840
11-Jun-24,2416.160,4.180
12-Jun-24,2116.000,3.260
13-Jun-24,2872.000,3.710
14-Jun-24,3296.000,4.990
15-Jun-24,3268.000,5.510
16-Jun-24,2132.000,3.420
17-Jun-24,2504.000,4.660
18-Jun-24,3311.940,4.670
19-Jun-24,2656.000,3.440
20-Jun-24,3240.000,6.500
21-Jun-24,2968.000,3.540
22-Jun-24,3322.000,4.700
23-Jun-24,2480.000,3.920
24-Jun-24,2536.000,3.960
25-Jun-24,3280.000,5.200
26-Jun-24,3664.000,4.240
27-Jun-24,2812.000,4.720
28-Jun-24,2872.000,6.630
29-Jun-24,2932.000,5.500
30-Jun-24,2368.000,6.460
01-Jul-24,2676.000,3.084
02-Jul-24,2116.000,3.012
03-Jul-24,3023.280,3.508
04-Jul-24,2960.000,4.488
05-Jul-24,3184.000,3.953
06-Jul-24,2520.000,5.783
07-Jul-24,1239.100,4.839
08-Jul-24,2808.000,4.137
09-Jul-24,3324.000,3.575
10-Jul-24,1484.000,5.908
11-Jul-24,2728.000,3.349
12-Jul-24,2412.000,3.544
13-Jul-24,2264.000,3.007
14-Jul-24,2872.000,4.700
15-Jul-24,2264.000,4.222
16-Jul-24,2180.000,2.361
17-Jul-24,3096.000,4.617
18-Jul-24,2548.000,2.640
19-Jul-24,3284.000,5.193
20-Jul-24,2780.000,3.869
21-Jul-24,2236.000,5.534
22-Jul-24,2520.000,5.874
23-Jul-24,3104.000,3.871
24-Jul-24,2279.920,2.631
25-Jul-24,2568.000,3.652
26-Jul-24,2448.000,4.194
27-Jul-24,2924.000,4.085
28-Jul-24,2516.000,4.562
29-Jul-24,2784.000,3.343
30-Jul-24,2752.000,2.712
31-Jul-24,3040.000,3.443
01-Aug-24,2776.000,4.257
02-Aug-24,2704.000,5.452
03-Aug-24,3116.000,7.112
04-Aug-24,2932.000,6.850
05-Aug-24,2804.000,5.492
06-Aug-24,3319.800,6.312
07-Aug-24,2604.000,5.350
08-Aug-24,2900.000,3.982
09-Aug-24,2396.000,4.404
10-Aug-24,2232.000,5.613
11-Aug-24,2336.000,3.544
12-Aug-24,2800.000,2.857
13-Aug-24,2358.280,2.904
14-Aug-24,2984.000,3.323
15-Aug-24,3076.000,4.130
16-Aug-24,2804.000,4.006
17-Aug-24,2432.000,3.496
18-Aug-24,2696.000,4.755
19-Aug-24,2224.000,3.285
20-Aug-24,2812.000,4.989
21-Aug-24,2848.000,5.405
22-Aug-24,2024.000,4.618
23-Aug-24,2295.000,4.534
24-Aug-24,2316.000,6.832
25-Aug-24,1708.000,2.586
26-Aug-24,2720.000,3.210
27-Aug-24,2728.000,3.349
28-Aug-24,3512.000,3.442
29-Aug-24,2488.000,3.569
30-Aug-24,3248.000,3.760
31-Aug-24,2816.000,4.190
01-Sep-24,2404.000,2.655
02-Sep-24,2820.000,2.785
03-Sep-24,3176.000,3.442
04-Sep-24,2976.000,3.585
05-Sep-24,1195.000,5.572
06-Sep-24,2648.000,5.175
07-Sep-24,1776.000,6.992
08-Sep-24,2388.000,5.157
09-Sep-24,2148.000,4.244
10-Sep-24,2408.000,4.287
11-Sep-24,3048.000,3.926
12-Sep-24,2832.000,4.082
13-Sep-24,2172.000,2.960
14-Sep-24,2192.000,3.318
15-Sep-24,1808.000,3.727
16-Sep-24,2464.000,2.870
17-Sep-24,2268.000,2.904
18-Sep-24,2748.000,3.520
19-Sep-24,2891.860,5.376
20-Sep-24,3168.000,7.005
21-Sep-24,2696.000,4.590
22-Sep-24,2764.000,4.435
23-Sep-24,2296.000,3.678
24-Sep-24,2924.000,4.070
25-Sep-24,3284.000,5.947
26-Sep-24,3452.000,3.778
27-Sep-24,2864.000,4.621
28-Sep-24,2568.000,4.985
29-Sep-24,3032.000,3.547
30-Sep-24,2316.000,2.312
01-Oct-24,2276.000,3.629
02-Oct-24,2712.000,4.308
03-Oct-24,3036.000,7.362
04-Oct-24,2984.000,5.230
05-Oct-24,2704.000,4.428
06-Oct-24,2476.000,3.287
07-Oct-24,2584.000,4.342
08-Oct-24,2352.000,4.276
09-Oct-24,2988.000,3.566
10-Oct-24,1156.000,3.907
11-Oct-24,2888.000,2.812
12-Oct-24,2260.000,3.857
13-Oct-24,2889.000,4.609
14-Oct-24,3108.000,4.453
15-Oct-24,2652.000,3.963
16-Oct-24,3328.000,4.499
17-Oct-24,2932.000,3.128
18-Oct-24,2918.000,2.784
19-Oct-24,2592.000,3.127
20-Oct-24,2221.000,3.592
21-Oct-24,2152.000,3.894
22-Oct-24,2968.000,3.157
23-Oct-24,2696.000,4.574
24-Oct-24,3268.000,3.023
25-Oct-24,2732.000,4.589
26-Oct-24,2768.000,3.203
27-Oct-24,1980.000,4.545
28-Oct-24,2980.000,3.142
29-Oct-24,2993.770,4.584
30-Oct-24,2796.000,3.837
31-Oct-24,2652.000,2.442
01-Nov-24,2376.000,4.273
02-Nov-24,1748.000,7.336
03-Nov-24,2956.000,4.584
04-Nov-24,3876.000,3.974
05-Nov-24,3520.000,4.727
06-Nov-24,2848.000,3.327
07-Nov-24,2735.030,3.079
08-Nov-24,3255.710,3.202
09-Nov-24,3032.000,5.113
10-Nov-24,2112.000,3.577
11-Nov-24,2580.000,3.297
12-Nov-24,2804.000,2.111
13-Nov-24,2780.000,3.036
14-Nov-24,2932.000,4.978
15-Nov-24,3076.000,6.673
16-Nov-24,2776.120,3.353
17-Nov-24,2364.000,3.305
18-Nov-24,3796.000,4.616
19-Nov-24,2936.000,3.820
20-Nov-24,3416.000,3.685
21-Nov-24,2964.000,2.629
22-Nov-24,3052.000,2.765
23-Nov-24,3068.000,3.513
24-Nov-24,2348.000,3.791
25-Nov-24,2408.000,5.788
26-Nov-24,3204.000,4.951
27-Nov-24,4084.000,5.036
28-Nov-24,2724.000,4.542
29-Nov-24,3112.000,2.839
30-Nov-24,3020.000,3.287
01-Dec-24,2364.000,3.956
02-Dec-24,3136.000,3.722
03-Dec-24,3200.000,3.976
04-Dec-24,3292.000,4.595
05-Dec-24,3816.000,3.745
06-Dec-24,4120.000,3.718
07-Dec-24,2684.000,4.263
08-Dec-24,1960.000,5.400
09-Dec-24,2704.000,3.625
10-Dec-24,3468.000,4.688
11-Dec-24,3632.000,3.756
12-Dec-24,3648.000,4.630
13-Dec-24,3865.000,4.528
14-Dec-24,2076.000,5.231
15-Dec-24,1876.000,3.322
16-Dec-24,3059.730,3.236
17-Dec-24,3120.000,5.170
18-Dec-24,3376.000,4.491
19-Dec-24,2720.000,3.846
20-Dec-24,2852.000,5.737
21-Dec-24,2472.000,5.180
22-Dec-24,2052.000,4.104
23-Dec-24,3144.000,3.694
24-Dec-24,2528.000,4.658
25-Dec-24,1664.000,5.799
26-Dec-24,3108.000,2.904
27-Dec-24,2696.000,4.959
28-Dec-24,2296.000,5.279
29-Dec-24,2576.000,3.909
30-Dec-24,2972.000,5.154
31-Dec-24,1360.000,2.931
01-Jan-25,704.000,4.892
02-Jan-25,2288.000,4.312
03-Jan-25,3212.000,3.906
04-Jan-25,3448.000,3.470
05-Jan-25,2464.000,2.396
06-Jan-25,3168.000,3.186
07-Jan-25,3043.350,5.498
08-Jan-25,3132.000,3.967
09-Jan-25,2480.000,3.375
10-Jan-25,3120.000,3.178
11-Jan-25,1936.000,4.578
12-Jan-25,1772.000,5.495
13-Jan-25,2024.000,4.522
14-Jan-25,1904.000,3.573
15-Jan-25,2960.000,4.410
16-Jan-25,1556.000,2.835
17-Jan-25,1340.000,4.218
18-Jan-25,2256.000,2.740
19-Jan-25,2640.000,3.151
20-Jan-25,2152.000,3.458
21-Jan-25,2872.000,3.352
22-Jan-25,3352.000,4.469
23-Jan-25,3052.950,3.170
24-Jan-25,2796.000,4.475
25-Jan-25,2284.000,4.765
26-Jan-25,1712.000,3.547
27-Jan-25,2852.000,3.165
28-Jan-25,2796.000,4.890
29-Jan-25,1920.000,3.759
30-Jan-25,2705.000,3.891
31-Jan-25,2832.000,4.073
01-Feb-25,2320.000,3.987
02-Feb-25,2792.000,3.788
03-Feb-25,2736.000,3.732
04-Feb-25,3059.230,3.906
05-Feb-25,1264.000,1.494
06-Feb-25,2336.000,3.902
07-Feb-25,2512.000,2.994
08-Feb-25,2164.000,4.416
09-Feb-25,2528.000,3.261
10-Feb-25,2924.000,4.309
11-Feb-25,2952.000,3.920
12-Feb-25,3116.000,3.392
13-Feb-25,3224.000,3.521
14-Feb-25,2784.000,2.795
15-Feb-25,2940.000,3.197
16-Feb-25,2624.000,4.591
17-Feb-25,2819.750,4.323
18-Feb-25,2928.000,3.807
19-Feb-25,2884.000,4.548
20-Feb-25,2660.000,3.674
21-Feb-25,2956.000,2.922
22-Feb-25,2792.000,3.828
23-Feb-25,3356.000,3.279
24-Feb-25,2728.000,3.012
25-Feb-25,2512.000,5.264
26-Feb-25,2764.000,5.276
27-Feb-25,2852.000,3.969
28-Feb-25,3232.000,4.972
01-Mar-25,3056.000,2.638
02-Mar-25,2576.000,3.212
03-Mar-25,3484.000,4.271
04-Mar-25,2700.000,4.242
05-Mar-25,1924.000,3.096
06-Mar-25,2004.000,2.778
07-Mar-25,2364.000,3.051
08-Mar-25,2193.900,3.776
09-Mar-25,2476.000,2.961
10-Mar-25,2804.000,2.712
11-Mar-25,2736.000,3.191
12-Mar-25,2880.000,2.598
13-Mar-25,3196.000,2.944
14-Mar-25,3520.000,3.739
15-Mar-25,2680.000,3.148
16-Mar-25,2844.000,3.125
17-Mar-25,3060.000,3.307
18-Mar-25,2564.000,2.472
19-Mar-25,3180.000,4.721
20-Mar-25,2944.000,3.438
21-Mar-25,3236.000,3.300
22-Mar-25,3040.000,2.847
23-Mar-25,2416.000,2.902
24-Mar-25,2472.000,2.833
25-Mar-25,2768.000,3.158
26-Mar-25,3028.000,4.599
27-Mar-25,3072.000,3.197
28-Mar-25,2656.000,1.821
29-Mar-25,2232.000,2.350
30-Mar-25,2624.000,2.904
31-Mar-25,2464.000,2.170
01-Apr-25,2588.000,3.722
02-Apr-25,3116.000,4.269
03-Apr-25,3052.000,3.309
04-Apr-25,2560.000,2.800
05-Apr-25,2240.000,3.031
06-Apr-25,2400.000,2.397
07-Apr-25,2684.000,3.187
08-Apr-25,1408.000,3.130
09-Apr-25,1825.860,5.176
10-Apr-25,2608.000,5.858
11-Apr-25,2784.000,3.008
12-Apr-25,3012.000,5.605
13-Apr-25,2832.000,3.989
14-Apr-25,3276.000,3.391
15-Apr-25,3468.000,3.413
16-Apr-25,2672.000,3.664
17-Apr-25,2944.000,4.333
18-Apr-25,2616.000,3.512
19-Apr-25,2228.000,4.715
20-Apr-25,2048.000,2.465
21-Apr-25,2488.000,3.255
22-Apr-25,3372.000,4.458
23-Apr-25,2472.000,4.171
24-Apr-25,3504.000,2.690
25-Apr-25,3020.000,3.500
26-Apr-25,2652.000,2.992
27-Apr-25,2752.000,3.594
28-Apr-25,1940.000,3.806
29-Apr-25,2904.000,4.612
30-Apr-25,3292.000,4.587
01-May-25,2968.000,4.503
02-May-25,3140.000,2.575
03-May-25,2952.000,3.637
04-May-25,2752.000,3.269
05-May-25,2808.000,3.043
06-May-25,3118.000,3.133
07-May-25,2970.000,3.185
08-May-25,3120.000,2.457
09-May-25,3368.000,3.527
10-May-25,2840.000,4.510
11-May-25,2196.000,4.304
12-May-25,736.000,2.465
13-May-25,1704.000,2.587
14-May-25,2672.000,3.590
15-May-25,2248.000,3.760
16-May-25,2456.000,4.819
17-May-25,2560.000,1.514
18-May-25,2848.000,3.874
19-May-25,3184.000,3.802
20-May-25,3320.000,4.627
21-May-25,2892.000,4.506
22-May-25,2984.000,5.181
23-May-25,2480.000,4.190
24-May-25,3216.000,5.354
25-May-25,2040.000,5.837
26-May-25,2080.000,3.916
27-May-25,3232.000,3.097
28-May-25,2722.110,4.011
29-May-25,3232.000,3.366
30-May-25,3604.000,3.906
31-May-25,2784.000,3.806
01-Jun-25,1888.000,4.317
02-Jun-25,2952.000,3.069
03-Jun-25,3180.000,4.138
04-Jun-25,3276.000,5.438
05-Jun-25,3140.000,2.483
06-Jun-25,2416.000,3.146
07-Jun-25,2424.000,2.998
08-Jun-25,2496.000,2.765
09-Jun-25,2496.000,2.816
10-Jun-25,2692.000,3.573
11-Jun-25,2740.000,3.099
12-Jun-25,3488.000,2.418
13-Jun-25,2972.000,2.869
14-Jun-25,2656.000,2.852
15-Jun-25,2368.000,3.997
16-Jun-25,2672.000,2.852
17-Jun-25,2016.000,2.893
18-Jun-25,2672.000,3.352
19-Jun-25,2444.000,3.561
20-Jun-25,2576.000,3.789
21-Jun-25,2272.000,5.431
22-Jun-25,2472.000,2.821
23-Jun-25,2588.000,2.089
24-Jun-25,2360.000,2.144
25-Jun-25,2828.000,1.949
26-Jun-25,2980.000,2.599
27-Jun-25,2888.000,2.928
28-Jun-25,3064.000,3.664
29-Jun-25,2540.000,2.985
30-Jun-25,3328.000,3.197
01-Jul-25,1900.000,4.845
02-Jul-25,2680.000,3.544
03-Jul-25,2400.000,3.067
04-Jul-25,2336.000,3.410
05-Jul-25,3112.000,4.628
06-Jul-25,2936.000,3.213
07-Jul-25,3072.000,2.460
08-Jul-25,2876.000,3.750
09-Jul-25,2348.000,2.683
10-Jul-25,2560.000,3.246
11-Jul-25,2816.000,3.320
12-Jul-25,3308.000,3.934
13-Jul-25,2704.000,2.490
14-Jul-25,2848.000,3.167
15-Jul-25,2588.000,2.341
16-Jul-25,2832.000,3.522
17-Jul-25,3140.000,1.723
18-Jul-25,3280.000,3.500
19-Jul-25,3188.000,3.369
20-Jul-25,2480.000,5.124
21-Jul-25,3280.000,6.337
22-Jul-25,2864.000,4.602
23-Jul-25,2848.000,2.843
24-Jul-25,2848.000,3.443
25-Jul-25,2832.000,3.387
26-Jul-25,2940.000,3.291
27-Jul-25,2160.000,2.222
28-Jul-25,2912.000,3.185
29-Jul-25,3196.000,3.314
30-Jul-25,3376.000,3.351
31-Jul-25,2144.000,3.269
01-Aug-25,2800.000,4.665
02-Aug-25,3056.000,7.570
03-Aug-25,2560.000,5.711
04-Aug-25,3248.000,4.059
05-Aug-25,3440.000,3.606
06-Aug-25,1964.000,3.561
07-Aug-25,2348.000,3.757
08-Aug-25,2892.000,3.570
09-Aug-25,2932.000,5.721
10-Aug-25,2912.000,4.079
11-Aug-25,2856.000,4.635
12-Aug-25,3552.000,3.923
13-Aug-25,3472.000,4.978
14-Aug-25,2872.000,4.744
15-Aug-25,3632.000,4.923
16-Aug-25,3440.000,4.214
17-Aug-25,2768.000,5.206
18-Aug-25,2560.000,2.711
19-Aug-25,2832.000,4.172
20-Aug-25,2128.000,3.496
21-Aug-25,2608.000,2.851
22-Aug-25,3360.000,3.418
23-Aug-25,3472.000,3.339
24-Aug-25,2752.000,2.149
25-Aug-25,3216.000,2.977
26-Aug-25,3152.000,2.923
27-Aug-25,3200.000,2.015
28-Aug-25,3836.000,2.691
29-Aug-25,3552.000,2.993
30-Aug-25,3024.000,3.625
31-Aug-25,2340.000,3.469
01-Sep-25,3008.000,2.126
02-Sep-25,4060.000,3.024
03-Sep-25,3036.000,2.935
04-Sep-25,2364.000,2.101
05-Sep-25,3004.000,3.660
06-Sep-25,2844.000,2.746
07-Sep-25,2144.000,2.907
08-Sep-25,2900.000,3.937
09-Sep-25,2928.000,4.493
10-Sep-25,2016.000,2.406
11-Sep-25,3144.000,3.473
12-Sep-25,2780.000,3.115
13-Sep-25,2928.000,3.125
14-Sep-25,2800.000,2.838
15-Sep-25,2131.460,3.661
16-Sep-25,3344.000,4.213
17-Sep-25,3344.000,4.165
18-Sep-25,3072.000,3.204
19-Sep-25,2944.000,3.729
20-Sep-25,3872.000,4.167
21-Sep-25,2944.000,4.392
22-Sep-25,2592.000,3.422
23-Sep-25,2208.000,4.033
24-Sep-25,2960.000,3.381
25-Sep-25,3168.000,3.987
26-Sep-25,3376.000,4.537
27-Sep-25,2940.000,2.523
28-Sep-25,2400.000,3.347
29-Sep-25,3116.000,3.345
30-Sep-25,2448.000,2.925
01-Oct-25,2896.000,2.952
02-Oct-25,2908.000,2.226
03-Oct-25,2928.000,2.366
04-Oct-25,2304.000,2.421
05-Oct-25,2240.000,1.846
06-Oct-25,2364.000,3.647
07-Oct-25,3124.000,3.424
08-Oct-25,2068.000,3.311
09-Oct-25,2156.000,2.168
10-Oct-25,1696.000,2.500
11-Oct-25,864.000,4.890
12-Oct-25,,
13-Oct-25,,
14-Oct-25,432.000,1.546
15-Oct-25,2096.000,1.985
16-Oct-25,3040.000,2.610
17-Oct-25,2588.000,2.583
18-Oct-25,3120.000,2.976
19-Oct-25,2608.000,2.755
20-Oct-25,2412.000,2.943
21-Oct-25,2652.000,2.264
22-Oct-25,2892.000,2.835
23-Oct-25,2344.000,2.113
24-Oct-25,2272.000,2.729
25-Oct-25,2428.000,2.974
26-Oct-25,1360.000,2.210
27-Oct-25,2560.000,2.692
28-Oct-25,2944.000,4.099
29-Oct-25,2928.000,4.260
30-Oct-25,2480.000,2.502
31-Oct-25,1696.000,4.085
01-Nov-25,1424.000,3.072
02-Nov-25,2016.000,1.982
03-Nov-25,2400.000,3.280
04-Nov-25,2704.000,3.123
05-Nov-25,1888.000,4.328
06-Nov-25,3756.000,3.380
07-Nov-25,3040.000,4.388
08-Nov-25,3184.000,3.775
09-Nov-25,2800.000,3.642
10-Nov-25,2416.000,2.395
11-Nov-25,3152.000,3.728
12-Nov-25,2944.000,3.439
13-Nov-25,3984.000,4.072
14-Nov-25,3968.000,2.998
15-Nov-25,3440.000,3.128
16-Nov-25,2932.000,3.048
17-Nov-25,3680.000,2.681
18-Nov-25,3888.000,3.155
19-Nov-25,4000.000,3.581
20-Nov-25,3456.000,2.550
21-Nov-25,3440.000,2.278
22-Nov-25,3680.000,2.515
23-Nov-25,2880.000,3.599
24-Nov-25,3056.000,2.420
25-Nov-25,2640.000,2.519
26-Nov-25,3200.000,4.084
27-Nov-25,3376.000,3.715
28-Nov-25,3472.000,6.663
29-Nov-25,3212.000,2.753
30-Nov-25,3264.000,2.698
01-Dec-25,3168.000,2.135
02-Dec-25,4288.000,2.552
03-Dec-25,3952.000,2.972
04-Dec-25,3744.000,2.597
05-Dec-25,3552.000,4.025
06-Dec-25,3360.000,3.670
07-Dec-25,3296.000,3.678
08-Dec-25,2992.000,3.004
09-Dec-25,2912.000,2.719
10-Dec-25,3376.000,4.491
11-Dec-25,3296.000,3.395
12-Dec-25,3424.000,2.884
13-Dec-25,3040.000,2.971
14-Dec-25,3408.000,2.945
15-Dec-25,3072.000,1.954
