Date,Off-Vein_meterage_m,On-Vein_meterage_m
2017-01-01,8.3,0
2017-01-02,17,56.9
2017-01-03,13.2,18.5
2017-01-04,13.7,8.5
2017-01-05,17.5,20.5
2017-01-06,10.1,9.2
2017-01-07,1,7.5
2017-01-08,3,20.7
2017-01-09,1.6,12.5
2017-01-10,7.5,20.6
2017-01-11,5.5,17
2017-01-12,12.64,19.5
2017-01-13,10.95,16.2
2017-01-14,2,12
2017-01-15,2.66,13.7
2017-01-16,3.77,15.9
2017-01-17,11.3,19
2017-01-18,6.1,21.1
2017-01-19,1.5,18.2
2017-01-20,4.5,19.9
2017-01-21,3.5,9.7
2017-01-22,9.7,16.8
2017-01-23,4.5,16.5
2017-01-24,8,8.9
2017-01-25,3.5,22.5
2017-01-26,0,26.3
2017-01-27,0,1.9
2017-01-28,2,16.5
2017-01-29,0,21.7
2017-01-30,2.5,25.7
2017-01-31,1.5,22.2
2017-02-01,4.5,19.5
2017-02-02,5.5,24.1
2017-02-03,3.3,32.68
2017-02-04,0,16.5
2017-02-05,15.4,19.2
2017-02-06,7.1,16.8
2017-02-07,8.1,19
2017-02-08,11,25.7
2017-02-09,8.83,18.7
2017-02-10,10.1,20.6
2017-02-11,4.3,13.2
2017-02-12,12.6,26.6
2017-02-13,15.1,17
2017-02-14,8.1,28.4
2017-02-15,7,22.1
2017-02-16,10.2,17.5
2017-02-17,6,19.7
2017-02-18,4,11
2017-02-19,6,35.3
2017-02-20,10.7,28
2017-02-21,13.3,28.2
2017-02-22,10.1,27.2
2017-02-23,6,31.9
2017-02-24,2,7.6
2017-02-25,7.5,15.3
2017-02-26,1.5,20.2
2017-02-27,12.6,24.5
2017-02-28,7.2,13.7
2017-03-01,15.2,20.7
2017-03-02,16.7,21.4
2017-03-03,8.8,21.4
2017-03-04,7.6,15
2017-03-05,15,25.9
2017-03-06,18,30.1
2017-03-07,1.5,0
2017-03-08,6.5,20.1
2017-03-09,13,17.7
2017-03-10,12.3,18.7
2017-03-11,3.3,15.7
2017-03-12,13.4,29
2017-03-13,4.5,23.6
2017-03-14,14.75,18.1
2017-03-15,4.4,15.3
2017-03-16,14.2,20.9
2017-03-17,23.4,28.3
2017-03-18,0,5.6
2017-03-19,23.5,16.8
2017-03-20,4,17.7
2017-03-21,11,9.7
2017-03-22,8,16
2017-03-23,10.3,15.7
2017-03-24,9.2,15.9
2017-03-25,1,12.1
2017-03-26,25.3,19.6
2017-03-27,8.7,12.2
2017-03-28,8.9,18.2
2017-03-29,12.3,27.9
2017-03-30,18.6,18.1
2017-03-31,14.3,18.8
2017-04-01,4.4,14.3
2017-04-02,20.5,17.3
2017-04-03,15.7,22.3
2017-04-04,15.1,10.9
2017-04-05,18.7,6
2017-04-06,16.7,8.3
2017-04-07,16,26.1
2017-04-08,7.5,4
2017-04-09,14.8,24.3
2017-04-10,18.4,9.5
2017-04-11,17.6,11.2
2017-04-12,6.6,0
2017-04-13,2,3.5
2017-04-14,5.8,1.5
2017-04-15,3,11.2
2017-04-16,31.3,56.2
2017-04-17,18.2,34.7
2017-04-18,9,18.1
2017-04-19,17.2,17.3
2017-04-20,17.2,31.5
2017-04-21,13.4,20.8
2017-04-22,8.5,19.4
2017-04-23,17.2,15.9
2017-04-24,12.2,24.9
2017-04-25,11.5,28.3
2017-04-26,10.3,24.1
2017-04-27,13.2,20.5
2017-04-28,3,12.7
2017-04-29,4,7.7
2017-04-30,0,4.6
2017-05-01,20,23.75
2017-05-02,5.9,24.3
2017-05-03,17.4,27.6
2017-05-04,12,29.9
2017-05-05,3.7,27.3
2017-05-06,8.3,13.9
2017-05-07,4.5,10.8
2017-05-08,9.8,10.6
2017-05-09,19.7,13
2017-05-10,15.2,14.8
2017-05-11,11,12.7
2017-05-12,15.4,19.4
2017-05-13,4.5,3.2
2017-05-14,12.4,26.6
2017-05-15,12.3,13
2017-05-16,17.4,11.6
2017-05-17,10,9.5
2017-05-18,7.3,30
2017-05-19,9.8,20.5
2017-05-20,17.8,6.4
2017-05-21,7,24.4
2017-05-22,10.3,21.26
2017-05-23,21.3,16.1
2017-05-24,18.6,16.8
2017-05-25,9,9.99
2017-05-26,17.5,14.6
2017-05-27,15,5
2017-05-28,15.5,19.4
2017-05-29,15.2,9.5
2017-05-30,19.9,19.9
2017-05-31,17.9,11.8
2017-06-01,17.8,18.4
2017-06-02,1.5,13.4
2017-06-03,4.3,11.2
2017-06-04,5.4,18.1
2017-06-05,13.6,28.5
2017-06-06,15.2,25.3
2017-06-07,14.7,15.3
2017-06-08,15.4,20.4
2017-06-09,8.5,21.9
2017-06-10,27.8,11.6
2017-06-11,8.9,0
2017-06-12,16.2,21.3
2017-06-13,16.5,35.2
2017-06-14,18.7,13.5
2017-06-15,7.3,15
2017-06-16,25.2,10
2017-06-17,17.9,17.3
2017-06-18,12.2,13.9
2017-06-19,21.2,9.9
2017-06-20,11.3,15.3
2017-06-21,16.4,16.3
2017-06-22,16.1,20.5
2017-06-23,22.7,16.1
2017-06-24,10,6
2017-06-25,1.5,3
2017-06-26,22.8,41.5
2017-06-27,33.96,38.8
2017-06-28,13.9,25.7
2017-06-29,9.57,14.3
2017-06-30,4.2,9
2017-07-01,13.7,17.3
2017-07-02,22.2,21.5
2017-07-03,9.9,20.8
2017-07-04,6.7,23.8
2017-07-05,10.4,21.58
2017-07-06,14.16,23.85
2017-07-07,20.5,24.3
2017-07-08,7.8,15.3
2017-07-09,15.64,25.3
2017-07-10,4.2,20.9
2017-07-11,6.4,32.95
2017-07-12,5.1,22.8
2017-07-13,16.6,36.3
2017-07-14,6.4,25.8
2017-07-15,4,17.7
2017-07-16,13.3,15.1
2017-07-17,20,18.1
2017-07-18,7.5,17.2
2017-07-19,6.9,15.2
2017-07-20,20.7,20.9
2017-07-21,12,25.8
2017-07-22,9.3,15.2
2017-07-23,18,32.2
2017-07-24,9.7,22.5
2017-07-25,13.8,25
2017-07-26,12.4,21.3
2017-07-27,7.6,24.8
2017-07-28,13.9,16.5
2017-07-29,5,9.5
2017-07-30,14.2,16.5
2017-07-31,11.9,14.5
2017-08-01,11.2,30.9
2017-08-02,16.6,29.71
2017-08-03,5.6,16.4
2017-08-04,21,26.6
2017-08-05,2,21.5
2017-08-06,19.7,24.8
2017-08-07,9.3,29.5
2017-08-08,10.4,23.12
2017-08-09,8.5,18.6
2017-08-10,4.1,17.8
2017-08-11,8.5,16.1
2017-08-12,10.3,16.8
2017-08-13,27.5,31.3
2017-08-14,10.3,23.4
2017-08-15,8.3,22.1
2017-08-16,12.3,5.8
2017-08-17,22.1,26.8
2017-08-18,17.86,24.3
2017-08-19,10.8,23.5
2017-08-20,0,0
2017-08-21,14.3,32.6
2017-08-22,7.8,20.80714286
2017-08-23,18.9,35.60714286
2017-08-24,13.7,30.70714286
2017-08-25,18.1,28.80714286
2017-08-26,3.5,14.30714286
2017-08-27,3.8,13.30714286
2017-08-28,29.5,47.00714286
2017-08-29,14,26.45
2017-08-30,13.65,29.8
2017-08-31,3.7,6.8
2017-09-01,10.2,23.7
2017-09-02,5.5,10.9
2017-09-03,33,34.1
2017-09-04,28.201,25.1
2017-09-05,16.8,37.5
2017-09-06,15.4,41.88
2017-09-07,4.5,10.75
2017-09-08,18.2,38.7
2017-09-09,3,13.6
2017-09-10,16.1,32.5
2017-09-11,13,30.66
2017-09-12,18.19,30.85
2017-09-13,18.2,26.49
2017-09-14,4.5,26.53
2017-09-15,13.6,30.1
2017-09-16,7.4,14.2
2017-09-17,12.8,41.3
2017-09-18,6.15,17.5
2017-09-19,17.05,35.28
2017-09-20,2.5,27.92
2017-09-21,11.3,37.9
2017-09-22,6.3,39.68
2017-09-23,4,19.5
2017-09-24,7.42,43.1
2017-09-25,7.5,30.9
2017-09-26,7.1,38.4
2017-09-27,8.84,24.8
2017-09-28,9.433333333,29.01
2017-09-29,6.9,19.63333333
2017-09-30,0,2.133333333
2017-10-01,17.31,64.9
2017-10-02,14,39.4
2017-10-03,5.6,40.73
2017-10-04,12.7,38.27
2017-10-05,6.2,28.5
2017-10-06,16.6,21.4
2017-10-07,11.8,11.2
2017-10-08,24.94,45.46
2017-10-09,17.08,18.5
2017-10-10,0,5
2017-10-11,3.5,16.5
2017-10-12,24.21,33.23
2017-10-13,15.3,35.2
2017-10-14,8.1,27.05
2017-10-15,27.95,26.15
2017-10-16,10.2,26.64
2017-10-17,27.1,18
2017-10-18,10.4,19.1
2017-10-19,9.9,27.6
2017-10-20,15.5,12.8
2017-10-21,7.8,17.3
2017-10-22,19.4,28.2
2017-10-23,16.5,38.3
2017-10-24,8.4,41.1
2017-10-25,27.96,24.7
2017-10-26,3.5,23.8
2017-10-27,12.5,24.5
2017-10-28,3,18
2017-10-29,17.3,39.08
2017-10-30,12.71,21.4
2017-10-31,1.5,5.6
2017-11-01,8.8,21.1
2017-11-02,10.4,20.7
2017-11-03,3.5,9.2
2017-11-04,7.22,24.2
2017-11-05,16.2,28.7
2017-11-06,16.4,30.4
2017-11-07,14,51.05
2017-11-08,9.6,26.95
2017-11-09,5.5,23.3
2017-11-10,11.5,38.4
2017-11-11,2.5,20.9
2017-11-12,14.2,34.5
2017-11-13,17.9,42.05
2017-11-14,20.5,27.9
2017-11-15,12.2,33.2
2017-11-16,7,40.7
2017-11-17,11.4,27.4
2017-11-18,0,22.4
2017-11-19,9.5,39.1
2017-11-20,9.4,21.1
2017-11-21,12.4,40.2
2017-11-22,10.5,28.12
2017-11-23,17.3,29.02
2017-11-24,13,28.4
2017-11-25,7.5,11
2017-11-26,13.5,46.2
2017-11-27,6.41,42.1
2017-11-28,11.6,36.9
2017-11-29,0,18.6
2017-11-30,2.5,40.29
2017-12-01,4.5,31.3
2017-12-02,6.5,30.3
2017-12-03,20.65,64.15
2017-12-04,7.34,40.9
2017-12-05,8.7,29.6
2017-12-06,11.59,21.9
2017-12-07,6.24,37
2017-12-08,18.2,30
2017-12-09,9.5,18.8
2017-12-10,13.1,42.8
2017-12-11,14.3,52.48
2017-12-12,10.7,22.32
2017-12-13,19.2,33.3
2017-12-14,19.7,30.8
2017-12-15,4.7,17.1
2017-12-16,1,17.3
2017-12-17,24.3,46.1
2017-12-18,14.6,49.68
2017-12-19,10.8,33
2017-12-20,11.1,53.9
2017-12-21,3.5,28.1
2017-12-22,5.8,28.8
2017-12-23,3,17.61
2017-12-24,0,2
2017-12-25,13.86,46.1
2017-12-26,18.5,41.63
2017-12-27,9.84,30.5
2017-12-28,2.5,47.1
2017-12-29,2,11.1
2017-12-30,3.4,8.8
2017-12-31,0,12.8
2018-01-01,7.5,58.8
2018-01-02,11.4,32.5
2018-01-03,23.7245,45.22
2018-01-04,4.6,40.08
2018-01-05,13.5,33.7
2018-01-06,9,27.4
2018-01-07,14.7,41.83
2018-01-08,28,17
2018-01-09,7.3,44.2
2018-01-10,3,5.6
2018-01-11,11.3,19.1
2018-01-12,14.2,21.7
2018-01-13,3.2,24.2
2018-01-14,27.4,47
2018-01-15,22.5,27.75
2018-01-16,15.83,27.36
2018-01-17,11.3,34.14
2018-01-18,7.95,29.4
2018-01-19,16.2,30.11
2018-01-20,3,27.2
2018-01-21,14.9,24.6
2018-01-22,16.2,32.25
2018-01-23,5.13,29.53
2018-01-24,12.73,30.15
2018-01-25,13.8,23.1
2018-01-26,1.7,20.8
2018-01-27,3.5,30.5
2018-01-28,17.79,44.57
2018-01-29,13.4,37
2018-01-30,9.66,37.5
2018-01-31,13,23.7
2018-02-01,19.56,36.3
2018-02-02,17.6,27.3
2018-02-03,4.8,26.2
2018-02-04,13.5,33.6
2018-02-05,10.5,30.4
2018-02-06,25.21,54.1
2018-02-07,15.4,44.3
2018-02-08,9.5,53.45
2018-02-09,16.7,22.5
2018-02-10,8.8,13.1
2018-02-11,13.9,27.3
2018-02-12,16.55,23
2018-02-13,13.1,46.8
2018-02-14,12.55,38.55
2018-02-15,4.7,4.81
2018-02-16,18.3,22.3
2018-02-17,7.1,20.4
2018-02-18,15.3,56.8
2018-02-19,10.94,28.26
2018-02-20,12.9,40.55
2018-02-21,10,35.16
2018-02-22,8.3,30
2018-02-23,11.3,24.8
2018-02-24,2.5,16.9
2018-02-25,9.1,37.5
2018-02-26,20.6,40.32
2018-02-27,8.3,23
2018-02-28,8.18,33.68
2018-03-01,8.8,36.96
2018-03-02,10.7,35.9
2018-03-03,11.9,29.1
2018-03-04,20.4,41.6
2018-03-05,8.4,32.92
2018-03-06,13.8,53.9
2018-03-07,8.94,13.4
2018-03-08,14.5,27.3
2018-03-09,19.2,30.4
2018-03-10,14.4,27.6
2018-03-11,7.6,47.9
2018-03-12,25.7,34.7
2018-03-13,10.2,37.6
2018-03-14,15.8,37.67
2018-03-15,13.1,19.75
2018-03-16,19.9,33.7
2018-03-17,11.7,17.5
2018-03-18,20.86,41.68
2018-03-19,12.54,37.8
2018-03-20,31.8,30.3
2018-03-21,20.5,34.2
2018-03-22,18.9,48.5
2018-03-23,17.2,57.2
2018-03-24,7,29
2018-03-25,15.4,29.94
2018-03-26,10.7,26.9
2018-03-27,10.4,31.7
2018-03-28,10.13,71
2018-03-29,4.7,41.1
2018-03-30,5.3,23.2
2018-03-31,2.5,31.3
2018-04-01,17.9,33.68
2018-04-02,7.4,27.4
2018-04-03,18.3,37
2018-04-04,14.3,54.92
2018-04-05,27.19,31
2018-04-06,6.5,27.6
2018-04-07,7.7,25.2
2018-04-08,34.8,31.05
2018-04-09,24.9,38
2018-04-10,22.4,48.04
2018-04-11,15.6,36.5
2018-04-12,17.13,46.03
2018-04-13,20.78,45.34
2018-04-14,4.3,50.3
2018-04-15,7.14,55.958
2018-04-16,21.4,63.4
2018-04-17,14.3,42.27
2018-04-18,19.4,44.9
2018-04-19,25.3,37.1
2018-04-20,11.4,56.02
2018-04-21,12,32
2018-04-22,30.2,49.4
2018-04-23,17.3,35.5
2018-04-24,28.66,44.81
2018-04-25,18.2,39
2018-04-26,11.9,58.57
2018-04-27,17.55,48.56
2018-04-28,5,25.6
2018-04-29,24.98,45.21
2018-04-30,6,6.4
2018-05-01,6.9,18.1
2018-05-02,15,47.85
2018-05-03,16.7,26.5
2018-05-04,27.92,27.69
2018-05-05,15.7,21
2018-05-06,25.4,25.9
2018-05-07,23.5,29.8
2018-05-08,30.64,29.4
2018-05-09,26.4,45.35
2018-05-10,21.06,30
2018-05-11,16.4,45.95
2018-05-12,8.3,20
2018-05-13,5.7,15.5
2018-05-14,18.2,23.4
2018-05-15,16.9,30.89
2018-05-16,9.3,38.46
2018-05-17,18.75,25.3
2018-05-18,21.2,35.3
2018-05-19,14.3,22.4
2018-05-20,13,31.2
2018-05-21,5.9,22.8
2018-05-22,18.3,0
2018-05-23,12.34,0
2018-05-24,17.8,0
2018-05-25,11.03,0
2018-05-26,23.6,0
2018-05-27,25.56,0
2018-05-28,31.5,0
2018-05-29,16.1,0
2018-05-30,8,0
2018-05-31,9.6,0
2018-06-01,13.56,26.7
2018-06-02,8.5,16.4
2018-06-03,26.1,33.21
2018-06-04,6.8,34.88
2018-06-05,27.1,59.46
2018-06-06,24.98,44.9
2018-06-07,18.7,47.06
2018-06-08,19.34,16.9
2018-06-09,9.5,20.7
2018-06-10,33,23.7
2018-06-11,10.6,17.9
2018-06-12,23,20.9
2018-06-13,29.77,53.61
2018-06-14,17.2,18.9
2018-06-15,14.9,42.25
2018-06-16,14,24.81
2018-06-17,40.68,57.66
2018-06-18,23.25,37.33
2018-06-19,21.44,45.46
2018-06-20,27.4,23.2
2018-06-21,19.2,33.88
2018-06-22,12.3,23.7
2018-06-23,17.1,18.2
2018-06-24,37.9,34.66
2018-06-25,36.7,28.11
2018-06-26,24.95,26.03
2018-06-27,21,31
2018-06-28,41.4,21.9
2018-06-29,14,25.6
2018-06-30,14.6,23.99
2018-07-01,34.86,47.1
2018-07-02,15.4,19.16
2018-07-03,33.1,47.09
2018-07-04,35.67,45.74
2018-07-05,26.5,45.9
2018-07-06,15.2,47.8
2018-07-07,7.1,28.7
2018-07-08,21.77,54.37
2018-07-09,24.3,40.54
2018-07-10,22.1,37.45
2018-07-11,30.82,37.46
2018-07-12,34.65,32.34
2018-07-13,20.3,30.7
2018-07-14,19.34,22.9
2018-07-15,39.24,58.2
2018-07-16,18.9,40.5
2018-07-17,23.6,34.78
2018-07-18,22.9,36.94
2018-07-19,25.1,51.38
2018-07-20,14.1,14.8
2018-07-21,14.6,26.3
2018-07-22,34.5,30.1
2018-07-23,36.7,28.1
2018-07-24,24.63,56.72
2018-07-25,29.91,31.4
2018-07-26,29.38,33.42
2018-07-27,29.76,38.4
2018-07-28,19.8,20.4
2018-07-29,39.5,34.9
2018-07-30,25.4,37.1
2018-07-31,34.7,55.54
2018-08-01,25.46,27.4
2018-08-02,16.1,27.7
2018-08-03,26.86,35.34
2018-08-04,12.65,30
2018-08-05,39,26.5
2018-08-06,18.04,31.5
2018-08-07,15.63,25.9
2018-08-08,34.1,35.95
2018-08-09,22.72,31.1
2018-08-10,31.7,36.9
2018-08-11,9.2,21.5
2018-08-12,33.7,47.4
2018-08-13,20.1,35.39
2018-08-14,24.9,51.04
2018-08-15,26.1,38.3
2018-08-16,14.6,48.25
2018-08-17,16.7,28.5
2018-08-18,23.41,56.35
2018-08-19,13.3,7.2
2018-08-20,17.6,59.18
2018-08-21,26.64,37.7
2018-08-22,9.5,48.05
2018-08-23,26.26,48.3
2018-08-24,24.3,50.4
2018-08-25,21.6,39.5
2018-08-26,4.5,2.7
2018-08-27,10,11.8
2018-08-28,29.1,91.77
2018-08-29,28.6,76.95
2018-08-30,25.3,32
2018-08-31,26.01,51.3
2018-09-01,2.8,16.8
2018-09-02,15.1,20.39
2018-09-03,28.5,43.7
2018-09-04,44.9,68.9
2018-09-05,25.4,27.7
2018-09-06,31.6,19.2
2018-09-07,18.2,33.4
2018-09-08,25.1,28.9
2018-09-09,14,7.3
2018-09-10,32.61,37.75
2018-09-11,35.3,48.7
2018-09-12,24.9,25.5
2018-09-13,21.4,17
2018-09-14,8,10.1
2018-09-15,0,0
2018-09-16,19,29.8
2018-09-17,32.38,32.5
2018-09-18,30.19,34.76
2018-09-19,26.85,37
2018-09-20,24.7,30
2018-09-21,14.5,40
2018-09-22,7.5,21.5
2018-09-23,17.7,17.1
2018-09-24,17.8,47.65
2018-09-25,26.6,22.4
2018-09-26,30.19,29.6
2018-09-27,16.55,41.2
2018-09-28,17.9,34.65
2018-09-29,11.94,18.1
2018-09-30,23,24.5
2018-10-01,24.2,33.9
2018-10-02,21.6,34.1
2018-10-03,15.4,31.2
2018-10-04,29.4,50.04
2018-10-05,21.9,22
2018-10-06,16.9,14.4
2018-10-07,25.9,26.76
2018-10-08,25.9,54.76
2018-10-09,16.3,30.72
2018-10-10,12.86,24.89
2018-10-11,22.6,22.6
2018-10-12,21.2,44.7
2018-10-13,6.1,20.5
2018-10-14,4.5,23.3
2018-10-15,16.78,42.23
2018-10-16,30.5,22.6
2018-10-17,20.6,30.4
2018-10-18,31.25,35
2018-10-19,19.2,25.1
2018-10-20,20.9,36.61
2018-10-21,11.4,18.9
2018-10-22,13.6,43.52
2018-10-23,22.2,43.4
2018-10-24,17.83,29.55
2018-10-25,21.77,22.26
2018-10-26,20.4,28.74
2018-10-27,24.4,26.6
2018-10-28,15.8,26.2
2018-10-29,24.6,29.2
2018-10-30,26.78,24.08
2018-10-31,18.4,21.7
2018-11-01,11.4,19.3
2018-11-02,17,17
2018-11-03,21.6,11.5
2018-11-04,3.6,11
2018-11-05,39.49,31.04
2018-11-06,23.43,23.9
2018-11-07,26.89,37.72
2018-11-08,8.4,26.32
2018-11-09,24.68,39.25
2018-11-10,21.45,37.48
2018-11-11,11.5,13.03
2018-11-12,26.63,29.9
2018-11-13,19.35,33.8
2018-11-14,26.3,16.4
2018-11-15,30.9,26.9
2018-11-16,24.1,28
2018-11-17,20.8,10.7
2018-11-18,17.7,18.85
2018-11-19,10.3,15.6
2018-11-20,36.88,41.5
2018-11-21,29.46,17.88
2018-11-22,38.7,36.6
2018-11-23,2.57,11.7
2018-11-24,35.6,43.54
2018-11-25,13.08,15.1
2018-11-26,43,28.9
2018-11-27,35.2,27
2018-11-28,27.93,33.5
2018-11-29,22.45,21.3
2018-11-30,8.9,24.4
2018-12-01,18.2,29.9
2018-12-02,1.8,10.2
2018-12-03,30.93,33.9
2018-12-04,18.94,48.42
2018-12-05,28.8,23.6
2018-12-06,17.25,25.1
2018-12-07,1.3,8.4
2018-12-08,28.54,25.2
2018-12-09,9.7,37.3
2018-12-10,37.5,22.04
2018-12-11,21.6,23.1
2018-12-12,20.7,32.8
2018-12-13,20.1,30.46
2018-12-14,27.75,23.95
2018-12-15,14.34,25.3
2018-12-16,18.7,27.5
2018-12-17,30.68,42.28
2018-12-18,23.6,29.2
2018-12-19,3.4,17
2018-12-20,14.8,15.12
2018-12-21,20.68,23.55
2018-12-22,10.6,4.3
2018-12-23,10.2,21.4
2018-12-24,17.9,27.43
2018-12-25,12.8,20.6
2018-12-26,16.7681,50.57
2018-12-27,42.1,21.04
2018-12-28,27.4,21.5
2018-12-29,2.3,0
2018-12-30,8.1,1.7
2018-12-31,9.3,20.4
2019-01-01,0,1.72
2019-01-02,16.7,42.26
2019-01-03,17.8,26.23
2019-01-04,24.26,42.65
2019-01-05,18.5,20.2
2019-01-06,13.6,23.5
2019-01-07,24.4,37.5
2019-01-08,21.2,26.96
2019-01-09,18.9,24.2
2019-01-10,11.5,27.4
2019-01-11,26.1,41.9
2019-01-12,10.3,11.39
2019-01-13,17,29.84
2019-01-14,24.7,45.88
2019-01-15,10.7,23.18
2019-01-16,7.2,28.16
2019-01-17,6.2,17.54
2019-01-18,26.7,38.6
2019-01-19,10.2,10
2019-01-20,11.8,17.2
2019-01-21,23.62,29.9
2019-01-22,14.9,28.5
2019-01-23,9.8,24.2
2019-01-24,1.8,13.1
2019-01-25,36.9,30.3
2019-01-26,9.2,9.67
2019-01-27,0,4.72
2019-01-28,21.2,42.71
2019-01-29,12.05,14.18
2019-01-30,21.78,14.7
2019-01-31,18.5,16.8
2019-02-01,25.66,11.5
2019-02-02,12.75,19.7
2019-02-03,6.1,11.9
2019-02-04,38.1,34.6
2019-02-05,15.53,29.1
2019-02-06,15.9,38.4
2019-02-07,28.04,1
2019-02-08,18.16,32.65
2019-02-09,10.5,17.8
2019-02-10,8.9,21.8
2019-02-11,23.7,6.3
2019-02-12,24.8,42.95
2019-02-13,17.25,21.36
2019-02-14,21.7,47.1
2019-02-15,32.18,26.5
2019-02-16,16.9,4.7
2019-02-17,7.9,28.4
2019-02-18,29.28,45.6
2019-02-19,17,22.4
2019-02-20,27.02,41.44
2019-02-21,5,14.5
2019-02-22,41.4,33.6
2019-02-23,9.1,26.6
2019-02-24,12.6,31.5
2019-02-25,28.11,33.3
2019-02-26,20.82,29.6
2019-02-27,19.89,13
2019-02-28,25.03,35.3
2019-04-01,38.3,42.9
2019-04-02,18.8,21.85
2019-04-03,12.6,21.1
2019-04-04,23.27,33.35
2019-04-05,18.6,38.3
2019-04-06,13.8,25.4
2019-04-07,12.4,2.8
2019-04-08,12.73,3.8
2019-04-09,20.55,34.9
2019-04-10,17.7,22.9
2019-04-11,22.6,34.2
2019-04-12,16.3,17.7
2019-04-13,11.6,16.5
2019-04-14,2.5,0
2019-04-15,40.78,48.62
2019-04-16,21.58,32.22
2019-04-17,13.6,24.9
2019-04-18,16,18.9
2019-04-19,3.5,2.7
2019-04-20,31.2,26.2
2019-04-21,4.3,21.4
2019-04-22,23.35,33.1
2019-04-23,26.1,17.5
2019-04-24,11.8,14.8
2019-04-25,12.8,23.9
2019-04-26,26.76,29.1
2019-04-27,11.9,10.6
2019-04-28,26.8,32.8
2019-04-29,28.54,46.7
2019-04-30,22.2,29.17
2019-05-01,8.8,18.3
2019-05-02,19.73,20
2019-05-03,15.6,20.67
2019-05-04,14.7,24.2
2019-05-05,7.5,14.8
2019-05-06,24.5,24.4
2019-05-07,27.85,31.2
2019-05-08,18.3,20.2
2019-05-09,22.8,15.5
2019-05-10,8.7,31.7
2019-05-11,9.2,20.6
2019-05-12,17.6,40.1
2019-05-13,2,4.1
2019-05-14,29.5,38.1
2019-05-15,15.2,30.7
2019-05-16,13.1,22.8
2019-05-17,23.1,14.7
2019-05-18,21.3,19.6
2019-05-19,10.76,16.6
2019-05-20,24.78,36.6
2019-05-21,25.77,31.7
2019-05-22,18.14,23.1
2019-05-23,29.59,29.4
2019-05-24,26.4,20.8
2019-05-25,9.3,17.3
2019-05-26,5.9,19.9
2019-05-27,30.5,29
2019-05-28,29.2,32.4
2019-05-29,22.55,29.5
2019-05-30,30.5,26.9
2019-06-01,15.1,19.9
2019-06-02,4.3,16.2
2019-06-03,37.2,30.2
2019-06-04,7.6,31.6
2019-06-05,13.9,24.9
2019-06-06,16.5,17.3
2019-06-07,19.4,14
2019-06-08,6.9,20
2019-06-09,7.4,18.8
2019-06-10,25.3,24.6
2019-06-11,23.3,28.7
2019-06-12,10.7,16.2
2019-06-13,15.7,20.1
2019-06-14,24.13,23.75
2019-06-15,4.3,25.8
2019-06-16,15,24.9
2019-06-17,23.4,27.8
2019-06-18,16.76,26
2019-06-19,21.6,30.3
2019-06-20,12.3,33.2
2019-06-21,16.9,18.7
2019-06-22,10.2,23.4
2019-06-23,11.8,20
2019-06-24,35.81,37.24
2019-06-25,28.5,33.6
2019-06-26,28.6,27.2
2019-06-27,17.7,14.9
2019-06-28,20,34.2
2019-06-29,14.4,20.7
2019-06-30,10.7,38.36
2019-07-01,28.05,39.12
2019-07-02,20,21.1
2019-07-03,14.1,23
2019-07-04,16.7,43.4
2019-07-05,20.85,29.9
2019-07-06,18.7,20.8
2019-07-07,22.4,13.9
2019-07-08,12.4,28.8
2019-07-09,25.15,22
2019-07-10,24.2,16.5
2019-07-11,29.47,17.4
2019-07-12,20,30.6
2019-07-13,14.9,24.15
2019-07-14,7.2,20.6
2019-07-15,25.5,30.44
2019-07-16,7.7,23.85
2019-07-17,12,21.4
2019-07-18,19.9,21.6
2019-07-19,20.4,33.3
2019-07-20,16.1,23
2019-07-21,4.3,23.8
2019-07-22,40.6,16.9
2019-07-23,9.8,20.5
2019-07-24,31.1,21.5
2019-07-25,14.8,17.05
2019-07-26,20.7,18.3
2019-07-27,14.8,17.5
2019-07-28,21.1,12.4
2019-07-29,7,17.9
2019-07-30,34.2,16.9
2019-07-31,18.2,18.8
2019-08-01,14.7,18
2019-08-02,8.9,22.2
2019-08-03,18.3,19.7
2019-08-04,5.7,18.4
2019-08-05,35.69,26.87
2019-08-06,28.7,18.9
2019-08-07,23.2,12.6
2019-08-08,17.4,10.7
2019-08-09,34.7,12.9
2019-08-10,18.4,14.9
2019-08-11,20.3,6.5
2019-08-12,13.9,9.1
2019-08-13,36.2,14.5
2019-08-14,14.5,11.2
2019-08-15,34.3,25.64
2019-08-16,22.8,15.5
2019-08-17,11.7,15.4
2019-08-18,3.9,13
2019-08-19,31.51,18.53
2019-08-20,18,27.1
2019-08-21,12.7,10.05
2019-08-22,26.05,19.3
2019-08-23,15,13
2019-08-24,16.5,12.2
2019-08-25,17.4,19.2
2019-08-26,9.3,17.8
2019-08-27,34.18,31.67
2019-08-28,18.1,13.4
2019-08-29,13.7,17.2
2019-08-30,26.1,24
2019-08-31,3,14.6
2019-09-01,23.5,9.8
2019-09-02,18.97,13
2019-09-03,26,17.1
2019-09-04,25.05,7.45
2019-09-05,15.3,14.9
2019-09-06,17.6,18.6
2019-09-07,23.5,16.8
2019-09-08,14.22,16.7
2019-09-09,34.1,18.8
2019-09-10,15.9,23.3
2019-09-11,13.9,29.7
2019-09-12,24.15,15.8
2019-09-13,19.1,12.8
2019-09-14,13.6,21.7
2019-09-15,19.2,14.9
2019-09-16,17.3,17.5
2019-09-17,29.38,17.4
2019-09-18,15.3,21.3
2019-09-19,32.83,24.5
2019-09-20,21.2,14.7
2019-09-21,19.7,18.8
2019-09-22,15.4,13.4
2019-09-23,18.8,16.8
2019-09-24,15.1,16
2019-09-25,10.2,10.4
2019-09-26,22.3,28
2019-09-27,14.1,8.2
2019-09-28,10.3,14.7
2019-09-29,3.9,13.4
2019-09-30,10.8,29.68
2019-10-01,16.3,26.5
2019-10-02,19.7,19
2019-10-03,9.9,20
2019-10-04,23.64,30.3
2019-10-05,12.3,17.4
2019-10-06,12.9,18.9
2019-10-07,13.1,40.38
2019-10-08,15.46,36.37
2019-10-09,12.9,22.8
2019-10-10,22.6,23.63
2019-10-11,12.3,29.2
2019-10-12,7.9,28.6
2019-10-13,10.6,21.3
2019-10-14,24.8,27.8
2019-10-15,17.6,28.6
2019-10-16,9.6,17.9
2019-10-17,12.1,19.8
2019-10-18,26.4,15.2
2019-10-19,16.2,21.3
2019-10-20,13.6,21.4
2019-10-21,12.6,26.2
2019-10-22,14.9,24.9
2019-10-23,13.5,12.4
2019-10-24,15.7,20.6
2019-10-25,17.4,18.8
2019-10-26,22.6,21.4
2019-10-27,6.3,16.1
2019-10-28,16.6,28.7
2019-10-29,23.65,21.2
2019-10-30,11.5,16.9
2019-10-31,13.1,26.7
2019-11-01,6.7,17.8
2019-11-02,5.7,9.6
2019-11-03,15.8,30.6
2019-11-04,16.6,27.9
2019-11-05,10.8,33.6
2019-11-06,17.8,30.1
2019-11-07,14.2,26.4
2019-11-08,6.3,32.1
2019-11-09,11.5,20.5
2019-11-10,18.21,35.2
2019-11-11,7,36.8
2019-11-12,11.3,29.1
2019-11-13,16.7,18.7
2019-11-14,6.5,22.5
2019-11-15,20.1,24.1
2019-11-16,5.9,9.2
2019-11-17,2,10.5
2019-11-18,13.9,17.4
2019-11-19,17.5,28.7
2019-11-20,9.9,19.6
2019-11-21,25.6,32.6
2019-11-22,13.9,18.7
2019-11-23,12.1,20.2
2019-11-24,16.6,24.7
2019-11-25,3,46.5
2019-11-26,25.4,30
2019-11-27,19.07,35.5
2019-11-28,18.8,21.6
2019-11-29,11.7,24.8
2019-11-30,9.4,25.7
2019-12-01,18.1,19.86
2019-12-02,19.4,22.3
2019-12-03,10.6,28.45
2019-12-04,17.3,23.3
2019-12-05,13.1,23.3
2019-12-06,13.1,21
2019-12-07,6.2,5.1
2019-12-08,6.5,21.9
2019-12-09,12.6,26.4
2019-12-10,12,13.4
2019-12-11,9.6,22.7
2019-12-12,17,37
2019-12-13,0,6
2019-12-14,15,18.7
2019-12-15,12.9,19.6
2019-12-16,12.1,18
2019-12-17,14.3,15.5
2019-12-18,15.4,19.9
2019-12-19,5.4,7.6
2019-12-20,25.2,27.5
2019-12-21,13.7,16.6
2019-12-22,12.9,13.4
2019-12-23,14.9,17.1
2019-12-24,7,20.8
2019-12-25,7,20.8
2019-12-26,16.5,31.5
2019-12-27,18.7,24.6
2019-12-28,2.8,10
2019-12-29,8.7,30
2019-12-30,7.8,22.8
2019-12-31,2.4,9.6
2020-02-01,7.4,9
2020-02-02,9.9,18.9
2020-02-03,16.2,36.1
2020-02-04,10,21.6
2020-02-05,20,18
2020-02-06,14.5,22
2020-02-07,19.3,28.2
2020-02-08,8,23.1
2020-02-09,20.3,20.4
2020-02-10,18.85,30.6
2020-02-11,19.6,24.6
2020-02-12,15.6,21.4
2020-02-13,23.5,25.4
2020-02-14,19.2,17.6
2020-02-15,21.3,17.5
2020-02-16,11.6,26.9
2020-02-17,10.6,24.1
2020-02-18,16.7,27.6
2020-02-19,19.5,33
2020-02-20,12.7,17
2020-02-21,23.25,19.4
2020-02-22,15.4,16.1
2020-02-23,13.3,28
2020-02-24,15.3,25.4
2020-02-25,6.7,30.7
2020-02-26,22.4,30.9
2020-02-27,14.7,22.8
2020-02-28,17.2,33.7
2020-02-29,9.1,25
2020-03-01,16.8,33.8
2020-03-02,16.4,24.6
2020-03-03,11.7,21.4
2020-03-04,15.6,13.8
2020-03-05,9.7,27
2020-03-06,19.9,24.4
2020-03-07,11.5,28.9
2020-03-08,9.1,28.1
2020-03-09,25.1,27.9
2020-03-10,15.1,38.7
2020-03-11,8.4,20.2
2020-03-12,20.25,27.1
2020-03-13,19.85,27.6
2020-03-14,10.8,27.7
2020-03-15,18.1,23.3
2020-03-16,23.27,32.3
2020-03-17,11.3,25.6
2020-03-18,18.75,26.3
2020-03-19,16.8,25.6
2020-03-20,17.2,20.6
2020-03-21,12.1,26.8
2020-03-22,14.9,38
2020-03-23,8.3,20.2
2020-03-24,7.1,27.5
2020-03-25,4.5,36.2
2020-03-26,10.9,34
2020-03-27,4.5,18.8
2020-03-28,4.5,24.3
2020-03-29,1.2,14.8
2020-03-30,0,22.1
2020-03-31,3.3,16.7
2020-04-01,5.2,27
2020-04-02,3.6,15.6
2020-04-03,8,20.7
2020-04-04,4.1,19.4
2020-04-05,6.7,16.2
2020-04-06,0,21
2020-04-07,3.4,11.16
2020-04-08,1.9,19.96
2020-04-09,0,19.9
2020-04-10,0,0
2020-04-11,0,40.06
2020-04-12,2.1,22.34
2020-04-13,0,19.1
2020-04-14,0,12.76
2020-04-15,0,20.08
2020-04-16,0,16.36
2020-04-17,0,13
2020-04-18,0,26.75
2020-04-19,0,35.27
2020-04-20,0,28.57
2020-04-21,0,22.2
2020-04-22,5,16.1
2020-04-23,2,14.3
2020-04-24,2.4,8.6
2020-04-25,0,9.6
2020-04-26,10.2,18.74
2020-04-27,8.3,18.5
2020-04-28,5.2,12.9
2020-04-29,0,16.7
2020-04-30,0,6.6
2020-05-01,0,18
2020-05-02,0,30.5
2020-05-03,2.5,11.4
2020-05-04,0,26.25
2020-05-05,1.8,22.15
2020-05-06,2.1,15.75
2020-05-07,5.1,13.1
2020-05-08,2,11.6
2020-05-09,0,12.9
2020-05-10,5.31,25.58
2020-05-11,2,15.7
2020-05-12,7.22,30.5
2020-05-13,3.1,35.37
2020-05-14,7.95,33.56
2020-05-15,0,16.22
2020-05-16,7.98,22.61
2020-05-17,2.23,19.26
2020-05-18,6.92,48.21
2020-05-19,12.76,33.2
2020-05-20,2.3,10.7
2020-05-21,11.04,22.82
2020-05-22,2,25.7
2020-05-23,2,20.76
2020-05-24,14.14,39.62
2020-05-25,0,19.62
2020-05-26,2.4,24.72
2020-05-27,13,16.5
2020-05-28,4,16.73
2020-05-29,4.4,5.7
2020-05-30,2.3,51.64
2020-05-31,0,8.78
2020-06-01,14.17,33.97
2020-06-02,14.33,27.91
2020-06-03,5.2,22.47
2020-06-04,13.21,20.04
2020-06-05,3.85,21.21
2020-06-06,9.6,20.46
2020-06-07,5.5,12.52
2020-06-08,8.32,29.55
2020-06-09,5.1,15.7
2020-06-10,7.7,23.94
2020-06-11,13.68,13.66
2020-06-12,10.32,30.8
2020-06-13,2.7,6.25
2020-06-14,11.13,16.73
2020-06-15,8.4,26.55
2020-06-16,10.38,25.81
2020-06-17,10.88,18.6
2020-06-18,23.29,32.3
2020-06-19,10.2,13.33
2020-06-20,15.88,29.8
2020-06-21,12.65,17.66
2020-06-22,12.4,29.18
2020-06-23,23.09,23.59
2020-06-24,10.7,30.39
2020-06-25,19,27.3
2020-06-26,17.8,30.5
2020-06-27,19.99,18.05
2020-06-28,10.43,33.42
2020-06-29,19.99,23.65
2020-06-30,8.49,11.09
2020-07-01,14.68,30.28
2020-07-02,22.63,20.6
2020-07-03,17.73,12.34
2020-07-04,14.33,22.61
2020-07-05,38.76,23.42
2020-07-06,9.2,38.38
2020-07-07,15.35,28.67
2020-07-08,22.35,37.68
2020-07-09,14.25,29.54
2020-07-10,8.99,19.1
2020-07-11,24.24,15.7
2020-07-12,12.95,24
2020-07-13,14.45,15.55
2020-07-14,21.17,11.09
2020-07-15,22.78,9.04
2020-07-16,21.2,18.76
2020-07-17,22.33,29.02
2020-07-18,13.88,15.86
2020-07-19,23.57,13.3
2020-07-20,12.2,12.36
2020-07-21,26.4,17
2020-07-22,20.7,12.63
2020-07-23,29.2,12.1
2020-07-24,19.4,18.3
2020-07-25,27.9,22.7
2020-07-26,21.02,27.76
2020-07-27,21.1,16.1
2020-07-28,13.71,29.44
2020-07-29,13.9,33.06
2020-07-30,6.1,29
2020-07-31,6.2,31.3
2020-08-01,5.9,23.6
2020-08-02,17,43.28
2020-08-03,23.6,29.5
2020-08-04,9.89,24.66
2020-08-05,12.2,23.8
2020-08-06,9.6,19.2
2020-08-07,14.2,17.63
2020-08-08,10.3,22.3
2020-08-09,18.12,22.7
2020-08-10,15.6,32.5
2020-08-11,19.5,23.2
2020-08-12,16.8,22.9
2020-08-13,16.2,18.23
2020-08-14,11.9,11
2020-08-15,16.6,35.1
2020-08-16,7.4,10.5
2020-08-17,34.8,37.5
2020-08-18,14.65,17.4
2020-08-19,20.78,35.3
2020-08-20,17.8,27.5
2020-08-21,10.1,19.1
2020-08-22,2.4,12.7
2020-08-23,11.9,62
2020-08-24,19.5,34.3
2020-08-25,8.1,35.2
2020-08-26,11.6,40.8
2020-08-27,4.8,25.6
2020-08-28,9.3,26.5
2020-08-29,11.99,37.1
2020-08-30,3.1,9.6
2020-08-31,8.4,46.45
2020-09-01,10.64,30.44
2020-09-02,12.36,27.68
2020-09-03,13.6,36.65
2020-09-04,23.8,29.2
2020-09-05,8.24,31.61
2020-09-06,12.25,36.8
2020-09-07,20.5,36.6
2020-09-08,14.5,32.96
2020-09-09,25,26
2020-09-10,16.8,21.92
2020-09-11,15.4,29.43
2020-09-12,8.6,21.3
2020-09-13,13.6,21.3
2020-09-14,15.8,33.9
2020-09-15,12.8,21.1
2020-09-16,13.85,16.5
2020-09-17,12.1,27.6
2020-09-18,12.5,28.1
2020-09-19,11.3,19.13
2020-09-20,10.6,31.6
2020-09-21,13.5,20.1
2020-09-22,10.43,24.3
2020-09-23,14.8,23.59
2020-09-24,26,17.3
2020-09-25,20.9,23.5
2020-09-26,5.3,18.6
2020-09-27,20.8,9.8
2020-09-28,22.3,30
2020-09-29,22.57,21.8
2020-09-30,12.3,21.8
2020-10-01,19.82,14
2020-10-02,20.4,15.3
2020-10-03,8.3,16.47
2020-10-04,27.6,27.3
2020-10-05,23,22.7
2020-10-06,14.8,12.64
2020-10-07,14.2,20.3
2020-10-08,25.2,20
2020-10-09,14.2,12.4
2020-10-10,10.6,20.31
2020-10-11,18.4,8.9
2020-10-12,27.69,37.92
2020-10-13,23.6,19.77
2020-10-14,25.22,14
2020-10-15,15.4,21.3
2020-10-16,19.5,30.3
2020-10-17,6.5,24
2020-10-18,14.4,27.5
2020-10-19,16,9.4
2020-10-20,14.2,26
2020-10-21,6.6,25.7
2020-10-22,9.3,20.4
2020-10-23,19.8,23.5
2020-10-24,14.8,18.5
2020-10-25,13.4,10.3
2020-10-26,9.3,29.92
2020-10-27,6.8,38.18
2020-10-28,17.7,26.8
2020-10-29,17.13,22.1
2020-10-30,20,12.7
2020-10-31,17.57,20.5
2020-11-01,11.1,8.1
2020-11-02,18.61,20.29
2020-11-03,12.8,12
2020-11-04,16.3,27.8
2020-11-05,13.7,18.2
2020-11-06,28.9,18
2020-11-07,12.2,19.9
2020-11-08,19.4,7.8
2020-11-09,22.1,20.5
2020-11-10,22.5,22.3
2020-11-11,29.1,20.2
2020-11-12,20.6,18.2
2020-11-13,11.1,17.7
2020-11-14,25.3,14.2
2020-11-15,16.5,9
2020-11-16,52.15,42.95
2020-11-17,18,14.3
2020-11-18,23.7,13.1
2020-11-19,24.06,15.6
2020-11-20,14.77,17.84
2020-11-21,13.8,18.4
2020-11-22,6.7,14.1
2020-11-23,18,27.8
2020-11-24,33.3,21
2020-11-25,24.1,18.1
2020-11-26,23.8,14.3
2020-11-27,27.2,20.6
2020-11-28,12,19.8
2020-11-29,22.93,16.5
2020-11-30,35.1,24.9
2020-12-01,10.2,11.3
2020-12-02,30,21.9
2020-12-03,20.5,8.2
2020-12-04,6.7,15.2
2020-12-05,9.4,18.8
2020-12-06,5.9,21.3
2020-12-07,35.9,22.9
2020-12-08,3.9,23.5
2020-12-09,11.4,10.8
2020-12-10,15.6,10.8
2020-12-11,5.9,18.1
2020-12-12,9,14.3
2020-12-13,3.8,5.6
2020-12-14,20.3,16.2
2020-12-15,0,0
2020-12-16,17.4,10.1
2020-12-17,0,0
2020-12-18,0,0
2020-12-19,0,0
2020-12-20,0,0
2020-12-21,0,0
2020-12-22,0,0
2020-12-23,0,0
2020-12-24,0,0
2020-12-25,0,0
2020-12-26,0,0
2020-12-27,0,0
2020-12-28,0,0
2020-12-29,0,0
2020-12-30,0,0
2020-12-31,0,0
2021-01-01,0,0
2021-01-02,0,0
2021-01-03,0,0
2021-01-04,0,0
2021-01-05,0,0
2021-01-06,0,0
2021-01-07,0,0
2021-01-08,0,0
2021-01-09,0,0
2021-01-10,0,0
2021-01-11,0,0
2021-01-12,73.5,91.99
2021-01-13,61.2,204.33
2021-01-14,22.4,40.3
2021-01-15,0,0
2021-01-16,0,0
2021-01-17,2,12.4
2021-01-18,0,0
2021-01-19,0,0
2021-01-20,64.9,78.97
2021-01-21,4.2,14
2021-01-22,10,3.1
2021-01-23,7.6,29.5
2021-01-24,0,0
2021-01-25,9,3.1
2021-01-26,0,0
2021-01-27,1.1,14
2021-01-28,22.8,19.3
2021-01-29,14.7,20.6
2021-01-30,13.9,25.5
2021-01-31,5.1,3.5
2021-02-01,14.8,20.3
2021-02-02,11.4,18.2
2021-02-03,9.7,27.56
2021-02-04,9.2,22.5
2021-02-05,7.9,24.9
2021-02-06,8.6,16.6
2021-02-07,12.1,46.5
2021-02-08,25.8,24.4
2021-02-09,15.1,22.8
2021-02-10,25.27,9.64
2021-02-11,1.9,9.9
2021-02-12,9.63,21.7
2021-02-13,15,20.1
2021-02-14,7.2,3.5
2021-02-15,9.5,30.9
2021-02-16,17.9,16.9
2021-02-17,15.4,24.35
2021-02-18,8.3,21
2021-02-19,14.8,17.4
2021-02-20,3.2,10.35
2021-02-21,16.4,15.2
2021-02-22,15.9,23.5
2021-02-23,21.67,26.02
2021-02-24,8.1,9.9
2021-02-25,14.83,35.1
2021-02-26,24,26.7
2021-02-27,7.8,23.6
2021-02-28,2.4,6.7
2021-03-01,31.05,28.5
2021-03-02,19.8,27.5
2021-03-03,15.2,20.75
2021-03-04,16.2,16
2021-03-05,19.2,12.8
2021-03-06,3.3,2.9
2021-03-07,17.7,31.39
2021-03-08,15.5,23.2
2021-03-09,17.8,13.8
2021-03-10,15.8,21.86
2021-03-11,32.2,25.4
2021-03-12,18.9,23.21
2021-03-13,27.1,21
2021-03-14,22,4
2021-03-15,15.8,8.9
2021-03-16,8.9,5.3
2021-03-17,20.5,42.1
2021-03-18,19.36,20.8
2021-03-19,16,18.3
2021-03-20,7.73,13
2021-03-21,5.6,27.7
2021-03-22,17.2,32
2021-03-23,12.7,29.2
2021-03-24,23.37,37.36
2021-03-25,16.1,30.3
2021-03-26,8.38,47.79
2021-03-27,15.6,24.8
2021-03-28,6,12.2
2021-03-29,15.5,36.8
2021-03-30,9.2,39.6
2021-03-31,11.6,38.9
2021-06-01,1.7,13.46
2021-06-02,4,22
2021-06-03,7.4,20.7
2021-06-04,20.9,11
2021-06-05,12,17.1
2021-06-06,4.8,10.4
2021-06-07,26.78,15
2021-06-08,16.67,10.2
2021-06-09,26.6,25.6
2021-06-10,15.41,18
2021-06-11,16.65,10.3
2021-06-12,8,10.37
2021-06-13,21.19,13.6
2021-06-14,25.86,25.6
2021-06-15,17.36,14.2
2021-06-16,12.4,7.9
2021-06-17,12.8,24.5
2021-06-18,18.11,16.8
2021-06-19,21.2,19.38
2021-06-20,0,7.3
2021-06-21,27.89,27.8
2021-06-22,13.8,31.1
2021-06-23,33.28,33
2021-06-24,26.6,19.1
2021-06-25,14.33,17.18
2021-06-26,12.66,26.4
2021-06-27,13.49,30.97
2021-06-28,29.92,23.9
2021-06-29,24.8,22.6
2021-06-30,18.81,21.05
2021-07-01,19.5,21.89
2021-07-02,16.9,21.2
2021-07-03,16.7,18.6
2021-07-04,7.3,12
2021-07-05,14.24,26.19
2021-07-06,27.08,16.78
2021-07-07,18.6,17.8
2021-07-08,38.48,23
2021-07-09,22.9,26.1
2021-07-10,20.94,13.38
2021-07-11,25.3,22.4
2021-07-12,37.67,28.2
2021-07-13,26.1,31.7
2021-07-14,22.02,37.96
2021-07-15,11.8,26.2
2021-07-16,19.8,25.7
2021-07-17,12.31,23.68
2021-07-18,8.1,11.7
2021-07-19,18.1,20.73
2021-07-20,11.26,13.8
2021-07-21,0,8.7
2021-07-22,18.7,35.6
2021-07-23,11.1,24.1
2021-07-24,23.9,23.4
2021-07-25,31.7,40.2
2021-07-26,18.15,51.6
2021-07-27,31.5,23.8
2021-07-28,16.8,26.6
2021-07-29,30.8,27.76
2021-07-30,16.44,31.25
2021-07-31,15.3,16.2
2021-08-01,4,3.7
2021-08-02,17.8,37.1
2021-08-03,22.39,34.24
2021-08-04,25.67,17.43
2021-08-05,31.4,30.44
2021-08-06,13.1,28.21
2021-08-07,21.25,31.23
2021-08-08,31.21,28.09
2021-08-09,20.08,32.55
2021-08-10,23.73,15.2
2021-08-11,18.3,31.93
2021-08-12,22.62,27.64
2021-08-13,11.41,22.2
2021-08-14,6.89,20
2021-08-15,4.6,6
2021-08-16,13.9,20
2021-08-17,8.6,16.5
2021-08-18,2.13,23.01
2021-08-19,10.68,18.1
2021-08-20,15.88,21.8
2021-08-21,10.6,12.4
2021-08-22,13.74,28.33
2021-08-23,15.18,9.2
2021-08-24,15.8,13.9
2021-08-25,10,23.9
2021-08-26,7.79,38.4
2021-08-27,7.9,25.3
2021-08-28,15.6,19.26
2021-08-29,1.6,7.2
2021-08-30,3.3,15.36
2021-08-31,16.55,22.28
2021-09-01,10.67,33.7
2021-09-02,14.8,25.45
2021-09-03,25.28,16.85
2021-09-04,16.63,26.84
2021-09-05,18.26,26.3
2021-09-06,14.8,26.6
2021-09-07,23.88,19.95
2021-09-08,18.42,44.67
2021-09-09,15.08,30.9
2021-09-10,13.76,25.75
2021-09-11,17.35,21.2
2021-09-12,0.7,3
2021-09-13,30.57,12.25
2021-09-14,26.46,35.96
2021-09-15,36.54,37.77
2021-09-16,15.88,27.99
2021-09-17,10.79,26.29
2021-09-18,17.9,23.39
2021-09-19,12.5,28.96
2021-09-20,17.4,21.21
2021-09-21,25.24,30.17
2021-09-22,19.93,13.43
2021-09-23,18.23,17.49
2021-09-24,7.6,30.75
2021-09-25,20.2,33.54
2021-09-26,0,15.61
2021-09-27,13.98,35.38
2021-09-28,10.6,23.11
2021-09-29,8.26,24.16
2021-09-30,4.66,31.9
2021-10-01,18.87,21.67
2021-10-02,4.2,18.65
2021-10-03,12.57,32.13
2021-10-04,6.46,22.13
2021-10-05,17.23,26.5
2021-10-06,19.3,13.18
2021-10-07,15.02,21.6
2021-10-08,10.86,35.34
2021-10-09,14.2,31.63
2021-10-10,6.26,11.25
2021-10-11,26.63,18.2
2021-10-12,19.79,22.56
2021-10-13,17.48,13.97
2021-10-14,15.9,14.81
2021-10-15,8.1,22.841
2021-10-16,8.53,28.21
2021-10-17,13,28.2
2021-10-18,12.7,41.09
2021-10-19,29.46,21.35
2021-10-20,11.1,31.4
2021-10-21,14.08,18.22
2021-10-22,21.99,18.92
2021-10-23,10.65,31.5
2021-10-24,16.3,28.67
2021-10-25,20.18,16.71
2021-10-26,15.1,18.6
2021-10-27,13.58,25.4
2021-10-28,21.27,10.2
2021-10-29,19.58,21.97
2021-10-30,15.86,21.59
2021-10-31,10.71,30.7
2021-11-01,8.91,16.6
2021-11-02,18.93,21.32
2021-11-03,25.76,15.03
2021-11-04,27.8,19.63
2021-11-05,42.09,36.14
2021-11-06,13.79,31.5
2021-11-07,14.2,16
2021-11-08,32.02,47.04
2021-11-09,23.07,43.19
2021-11-10,7.01,25.66
2021-11-11,17.06,42.95
2021-11-12,11.2,32.11
2021-11-13,19.5,25.66
2021-11-14,8.9,22.8
2021-11-15,22.23,19.72
2021-11-16,19.9,27
2021-11-17,9.9,29.96
2021-11-18,10.97,31.8
2021-11-19,9.91,17.01
2021-11-20,9.3,19.25
2021-11-21,9.74,9.69
2021-11-22,24.52,36.73
2021-11-23,13.16,25.55
2021-11-24,17.52,24.65
2021-11-25,13.22,25.13
2021-11-26,11.23,23.37
2021-11-27,9.83,22.11
2021-11-28,6.1,42.25
2021-11-29,10,20.37
2021-11-30,26.77,41.35
2021-12-01,2.7,16.2
2021-12-02,18.98,18.49
2021-12-03,15.74,34.3
2021-12-04,17.35,30.26
2021-12-05,14.86,9.55
2021-12-06,4.4,41.2
2021-12-07,10.77,9.1
2021-12-08,2.2,8.3
2021-12-09,11.7,29.4
2021-12-10,13.74,16.5
2021-12-11,8.7,23
2021-12-12,10.9,27.9
2021-12-13,15.87,23.17
2021-12-14,5.83,34.53
2021-12-15,21.78,17.92
2021-12-16,24.92,19.31
2021-12-17,12.64,24.14
2021-12-18,9.66,28.84
2021-12-19,7.59,7.42
2021-12-20,8.22,39.12
2021-12-21,19.26,29.3
2021-12-22,12.01,26.6
2021-12-23,16.64,42.03
2021-12-24,6.1,19.3
2021-12-25,8.64,33.13
2021-12-26,4.7,22.28
2021-12-27,6.2,23.2
2021-12-28,10.2,36.94
2021-12-29,5,28.21
2021-12-30,10.25,15.7
2021-12-31,0,8.4
2022-01-01,1.5,3.3
2022-01-02,2.8,5.92
2022-01-03,17.2,39.48
2022-01-04,3.64,15.77
2022-01-05,12.79,30.74
2022-01-06,18.9,31.74
2022-01-07,17.53,50.63
2022-01-08,12.42,36.03
2022-01-09,9.21,39.7
2022-01-10,12.16,44.84
2022-01-11,23.14,20.2
2022-01-12,10.5,24.1
2022-01-13,18.89,15.63
2022-01-14,14.63,19.3
2022-01-15,17.68,16.77
2022-01-16,7.26,1.85
2022-01-17,24.2,25.4
2022-01-18,17.82,23.9
2022-01-19,10.65,27.6
2022-01-20,15.94,26.1
2022-01-21,10.69,17.2
2022-01-22,16.19,25.39
2022-01-23,18.1,34.15
2022-01-24,19.83,34.8
2022-01-25,12.6,30.6
2022-01-26,20.94,31.03
2022-01-27,15.37,30.84
2022-01-28,10.02,30.74
2022-01-29,16.19,22.16
2022-01-30,5.48,29.69
2022-01-31,12.39,31.21
2022-02-01,7.7,23.7
2022-02-02,27.25,37.82
2022-02-03,14.68,33.28
2022-02-04,22.38,32.27
2022-02-05,9.53,54.8
2022-02-06,11.77,31.2
2022-02-07,27.87,36.8
2022-02-08,23.27,30.86
2022-02-09,18.85,35.3
2022-02-10,27.93,46.69
2022-02-11,20.34,32.4
2022-02-12,24.65,35
2022-02-13,7.56,19.22
2022-02-14,26.81,37.35
2022-02-15,33.01,35.4
2022-02-16,10.07,16.7
2022-02-17,26.66,40.81
2022-02-18,15.32,34.5
2022-02-19,16.2,35.31
2022-02-20,11.8,29.9
2022-02-21,20.46,25.04
2022-02-22,19.26,36.31
2022-02-23,15.34,25.54
2022-02-24,29.25,28.8
2022-02-25,13.6,23.9
2022-02-26,10.06,18.7
2022-02-27,7.1,31.6
2022-02-28,16.86,30.23
2022-03-01,14.91,37.83
2022-03-02,15.48,34.3
2022-03-03,18.42,35.59
2022-03-04,20.55,35.5
2022-03-05,17.87,25
2022-03-06,15.58,25.22
2022-03-07,13.8,38.97
2022-03-08,17.88,29.18
2022-03-09,6.22,36
2022-03-10,21.01,30.6
2022-03-11,21.19,31.39
2022-03-12,12.3,37.22
2022-03-13,9.3,36.5
2022-03-14,15.33,47.07
2022-03-15,24.75,32.27
2022-03-16,22.19,30.23
2022-03-17,13,33.82
2022-03-18,19.5,34.17
2022-03-19,13.4,19.4
2022-03-20,20,41.17
2022-03-21,28.19,37.28
2022-03-22,17.44,27.24
2022-03-23,5.4,32.57
2022-03-24,16.77,27.78
2022-03-25,20.97,23.34
2022-03-26,23.27,23.31
2022-03-27,30.95,15.08
2022-03-28,10.66,40.63
2022-03-29,27.52,40.2
2022-03-30,18.27,18.84
2022-03-31,29.02,49.66
2022-04-01,18.9,44.74
2022-04-02,8.47,43.58
2022-04-03,9.32,33.49
2022-04-04,23.35,40.92
2022-04-05,13.72,21.2
2022-04-06,14.5,22.6
2022-04-07,27.7,36.98
2022-04-08,24.1,19.3
2022-04-09,24.51,41.35
2022-04-10,18.3,38.1
2022-04-11,7.5,34.9
2022-04-12,31.4,39.62
2022-04-13,8.61,35.64
2022-04-14,10,29.2
2022-04-15,7.2,18.85
2022-04-16,15.6,32.24
2022-04-17,7.15,14.82
2022-04-18,22.1,31.85
2022-04-19,10.19,34.81
2022-04-20,12.67,35.1
2022-04-21,23.18,44.01
2022-04-22,22.24,31.42
2022-04-23,16.97,30.42
2022-04-24,9.65,33.17
2022-04-25,15.41,43.02
2022-04-26,19.88,38.04
2022-04-27,20.35,26.54
2022-04-28,7.2,48.18
2022-04-29,11.7,53.7
2022-04-30,21.7,53.43
2022-05-01,2.1,10.7
2022-05-02,9.67,50.04
2022-05-03,2,46.75
2022-05-04,9.61,31.19
2022-05-05,18.88,36.48
2022-05-06,20.01,35.5
2022-05-07,13.5,32.99
2022-05-08,5,29.69
2022-05-09,0,0
2022-05-10,14.5,35.95
2022-05-11,18.52,40.7
2022-05-12,25.69,14.58
2022-05-13,18.94,23.41
2022-05-14,14,35.23
2022-05-15,3.4,25.2
2022-05-16,23.61,52.19
2022-05-17,7,29.01
2022-05-18,21.63,42.64
2022-05-19,10.76,40.7
2022-05-20,8.7,42.39
2022-05-21,10.43,32.15
2022-05-22,2.7,25.9
2022-05-23,20.83,45.66
2022-05-24,20.67,41.67
2022-05-25,6.8,23.3
2022-05-26,9.58,68.88
2022-05-27,17.54,49.81
2022-05-28,17.89,40.05
2022-05-29,8.2,28.7
2022-05-30,14.8,44.95
2022-05-31,19.66,35.43
2022-06-01,9.2,29.07
2022-06-02,11.95,45.1
2022-06-03,20.55,27.07
2022-06-04,25.56,41.23
2022-06-05,14.71,24.69
2022-06-06,21.03,44.36
2022-06-07,28.5,42.5
2022-06-08,13.42,35.26
2022-06-09,26.08,44.13
2022-06-10,19.07,36.64
2022-06-11,3.5,34.52
2022-06-12,8.7,23.6
2022-06-13,20.46,26.1
2022-06-14,12.33,23.51
2022-06-15,22.29,32.29
2022-06-16,11.6,39.43
2022-06-17,10.3,36
2022-06-18,15.94,21.67
2022-06-19,7.9,16.87
2022-06-20,10.51,18.5
2022-06-21,25.92,39.07
2022-06-22,18.19,54.23
2022-06-23,26.8,38.04
2022-06-24,8.54,44.12
2022-06-25,13.63,22.67
2022-06-26,9.63,24.55
2022-06-27,30.98,28.04
2022-06-28,16.5,29.33
2022-06-29,6.6,22.7
2022-06-30,22.66,24.87
2022-07-01,14.62,37.06
2022-07-02,19.3,38.84
2022-07-03,8.7,20.5
2022-07-04,9.88,44.27
2022-07-05,15.74,31.31
2022-07-06,17.9,35.96
2022-07-07,29.15,44.32
2022-07-08,22.91,32.56
2022-07-09,8.93,30.41
2022-07-10,9.81,9.7
2022-07-11,24.13,45.41
2022-07-12,13.47,38.65
2022-07-13,13.02,33.42
2022-07-14,25.89,33.7
2022-07-15,17.43,23.45
2022-07-16,14.97,33.17
2022-07-17,9.08,30.1
2022-07-18,24.85,47.75
2022-07-19,24.12,24.2
2022-07-20,15.83,25.55
2022-07-21,19.63,43.68
2022-07-22,16.05,27.8
2022-07-23,10.1,31.4
2022-07-24,3.3,35.3
2022-07-25,37.57,51.36
2022-07-26,28.43,40.05
2022-07-27,4.9,14.1
2022-07-28,39.62,39.63
2022-07-29,17.76,59
2022-07-30,22.18,41.53
2022-07-31,8.84,30.12
2022-08-01,26.91,36.17
2022-08-02,15.11,35.3
2022-08-03,17.89,46.75
2022-08-04,26.04,16.83
2022-08-05,11.26,33.99
2022-08-06,34.15,24.58
2022-08-07,10.5,22.85
2022-08-08,22.71,28.17
2022-08-09,22.8,30.82
2022-08-10,20.92,28.44
2022-08-11,22.01,42.16
2022-08-12,1.65,36.23
2022-08-13,30.13,34.73
2022-08-14,19.43,43.75
2022-08-15,44.52,21.54
2022-08-16,9.25,36.84
2022-08-17,21.31,20.27
2022-08-18,27.56,22.3
2022-08-19,12.86,13.91
2022-08-20,24.88,22.12
2022-08-21,1.3,7
2022-08-22,23.37,35.14
2022-08-23,20.09,25.29
2022-08-24,23.01,26.88
2022-08-25,26.22,32.64
2022-08-26,25.23,20.65
2022-08-27,29.68,32.41
2022-08-28,9.3,16.1
2022-08-29,43.36,34.4
2022-08-30,20.38,33.14
2022-08-31,27.06,22.29
2022-09-01,15.84,12.36
2022-09-02,25.1,28.17
2022-09-03,29.61,25.46
2022-09-04,15.67,17.5
2022-09-05,30.68,35
2022-09-06,16.75,29.07
2022-09-07,12,23.32
2022-09-08,10.8,33.91
2022-09-09,8.7,12.98
2022-09-10,19.8,37.58
2022-09-11,0,16.24
2022-09-12,6.1,22.52
2022-09-13,6.25,18.47
2022-09-14,11.7,42.22
2022-09-15,9.76,42.03
2022-09-16,15.59,40.36
2022-09-17,15.14,31.35
2022-09-18,15.38,22.81
2022-09-19,16.77,32.58
2022-09-20,26.3,52.94
2022-09-21,30.92,45.98
2022-09-22,9.77,40.4
2022-09-23,34.3,33.18
2022-09-24,12,23.35
2022-09-25,7.2,43.42
2022-09-26,16.5,36.32
2022-09-27,20.79,24.01
2022-09-28,2.8,19.94
2022-09-29,29.38,54.49
2022-09-30,18.88,35.91
2022-10-01,10.81,21.24
2022-10-02,16.13,18.5
2022-10-03,13.25,41.07
2022-10-04,30.56,47.06
2022-10-05,20.21,41.25
2022-10-06,28.2,27.71
2022-10-07,17.83,42.09
2022-10-08,25.82,29.75
2022-10-09,9.1,0
2022-10-10,32.8,46.45
2022-10-11,18.8,44.38
2022-10-12,6.72,51.96
2022-10-13,16.08,38.58
2022-10-14,22.9,57.79
2022-10-15,13,25.32
2022-10-16,14.8,44.71
2022-10-17,11.3,39.3
2022-10-18,10,52.78
2022-10-19,27.7,44.96
2022-10-20,14.4,40.64
2022-10-21,20.86,18.53
2022-10-22,14.07,33.04
2022-10-23,11.57,54.63
2022-10-24,16.55,32.58
2022-10-25,27.5,54.81
2022-10-26,35.4,39.35
2022-10-27,18.4,48.82
2022-10-28,31.83,24.68
2022-10-29,21,24.23
2022-10-30,20.64,37.73
2022-10-31,12.38,35.85
2022-11-01,13.5,37.47
2022-11-02,19.2,21.83
2022-11-03,27.23,40.01
2022-11-04,18.88,74.34
2022-11-05,4.3,0
2022-11-06,18.9,37.94
2022-11-07,33.25,29.1
2022-11-08,30.34,32.81
2022-11-09,18.69,34.86
2022-11-10,28.43,45.92
2022-11-11,31.12,42.21
2022-11-12,28.36,31.66
2022-11-13,18.2,29.37
2022-11-14,13.41,38.19
2022-11-15,11.3,37.68
2022-11-16,24.08,36.03
2022-11-17,20.5,38.3
2022-11-18,36.73,61.22
2022-11-19,12.96,29.53
2022-11-20,14.62,38.2
2022-11-21,11.34,25.8
2022-11-22,22.32,30.73
2022-11-23,16.95,33.43
2022-11-24,17.67,24.17
2022-11-25,19.56,21.75
2022-11-26,24.3,33.2
2022-11-27,13.15,23.6
2022-11-28,18.71,34.43
2022-11-29,19.9,18.1
2022-11-30,4.4,33.49
2022-12-01,5.2,33.24
2022-12-02,12.14,55.71
2022-12-03,6.9,18.5
2022-12-04,9.55,33.67
2022-12-05,8.15,29.32
2022-12-06,15.51,32.39
2022-12-07,16.6,34.71
2022-12-08,13.31,39.47
2022-12-09,18.73,17.78
2022-12-10,9.88,22.89
2022-12-11,3.06,31.16
2022-12-12,16.4,26.71
2022-12-13,17.69,37.44
2022-12-14,20.14,23.74
2022-12-15,13.95,31.74
2022-12-16,13.44,12.05
2022-12-17,14.98,7.8
2022-12-18,18.4,37.24
2022-12-19,13.2,36.3
2022-12-20,16.93,21.59
2022-12-21,17.85,35.21
2022-12-22,17.86,23.05
2022-12-23,17.06,37.54
2022-12-24,1.9,3.1
2022-12-25,1.5,0
2022-12-26,19.93,31.64
2022-12-27,21.96,24.45
2022-12-28,14.34,19.96
2022-12-29,9.8,23.87
2022-12-30,5.87,20.8
2022-12-31,5.3,5
2023-01-01,4.4,18.3
2023-01-02,3.5,18.9
2023-01-03,3.6,33.89
2023-01-04,13.37,23.03
2023-01-05,10.23,35.68
2023-01-06,16.53,35.98
2023-01-07,9.28,27.03
2023-01-08,4.21,37.15
2023-01-09,9.5,38.01
2023-01-10,24.68,29.61
2023-01-11,24.78,36.24
2023-01-12,28.76,34.26
2023-01-13,20.55,44.96
2023-01-14,10.82,30
2023-01-15,12.41,42.46
2023-01-16,16.55,33.14
2023-01-17,17.48,28.48
2023-01-18,27.29,27.33
2023-01-19,22.24,29.51
2023-01-20,37,20
2023-01-21,20.26,13.95
2023-01-22,21.81,26.11
2023-01-23,16.93,33.21
2023-01-24,17.67,44.19
2023-01-25,7.25,15.48
2023-01-26,43.85,29.18
2023-01-27,22.75,35.1
2023-01-28,6.14,9.79
2023-01-29,16.28,17.96
2023-01-30,15.68,33.49
2023-01-31,14.57,32.54
2023-02-01,20.4,22.35
2023-02-02,25.15,23.31
2023-02-03,26.33,23.78
2023-02-04,26.12,22.16
2023-02-05,13.03,8.5
2023-02-06,19.69,31.52
2023-02-07,22.69,19.24
2023-02-08,27.75,20.34
2023-02-09,20.7,19.51
2023-02-10,9.33,7.4
2023-02-11,6.88,20.2
2023-02-12,8.84,20.12
2023-02-13,24.99,27.25
2023-02-14,23,7
2023-02-15,20.25,12.88
2023-02-16,17.73,21.46
2023-02-17,20.24,38.1
2023-02-18,18.97,14.7
2023-02-19,19.91,25.5
2023-02-20,17.58,16.61
2023-02-21,6.69,20.15
2023-02-22,2.79,19.36
2023-02-23,5.3,5.1
2023-02-24,24.99,50.49
2023-02-25,7.04,12.05
2023-02-26,8.77,29.129
2023-02-27,29.12,26.4
2023-02-28,22.3,18.58
2023-03-01,18.21,14.46
2023-03-02,32.09,16.53
2023-03-03,25.98,29.13
2023-03-04,23.68,15.08
2023-03-05,22.26,15.84
2023-03-06,18.53,26.62
2023-03-07,5.5,5.3
2023-03-08,1.5,6.4
2023-03-09,5.2,0
2023-03-10,3.29,14.61
2023-03-11,12.79,16.69
2023-03-12,15.17,19.29
2023-03-13,19.47,13.46
2023-03-14,30.01,41.33
2023-03-15,2.1,0
2023-03-16,0,0
2023-03-17,0,0
2023-03-18,0,0
2023-03-19,0,0
2023-03-20,14.01,32.13
2023-03-21,7.42,17.63
2023-03-22,12.6,28.58
2023-03-23,17.92,16.81
2023-03-24,5.1,12.37
2023-03-25,11.54,11.5
2023-03-26,10.6,29.74
2023-03-27,12.75,17.26
2023-03-28,10.57,29.74
2023-03-29,9.5,21.55
2023-03-30,8.89,22.09
2023-03-31,23.96,31.29
2023-04-01,6.41,26.31
2023-04-02,8.13,26.87
2023-04-03,8.66,31.32
2023-04-04,11.69,30.7
2023-04-05,10.25,28.28
2023-04-06,20.1,20.47
2023-04-07,13.8,29.98
2023-04-08,11.96,25.15
2023-04-09,7.61,24.46
2023-04-10,18.31,31.65
2023-04-11,23.82,22.87
2023-04-12,15.3,25.16
2023-04-13,23.84,23.9
2023-04-14,24.46,29.95
2023-04-15,20.35,19.7
2023-04-16,9.1,17.92
2023-04-17,20.41,25.4
2023-04-18,23.71,22.13
2023-04-19,40.57,33.05
2023-04-20,21.2,31.2
2023-04-21,20.12,31.4
2023-04-22,12.09,20.8
2023-04-23,14.85,27.09
2023-04-24,12.98,29.74
2023-04-25,8.61,32.83
2023-04-26,17.32,23.22
2023-04-27,9.23,20.35
2023-04-28,14.02,29.26
2023-04-29,14,29.4
2023-04-30,15.59,17.33
2023-05-01,23.3,26.32
2023-05-02,10.2,18.87
2023-05-03,15.8,16.41
2023-05-04,23.41,29.25
2023-05-05,16.68,22.15
2023-05-06,16.8,21.4
2023-05-07,29.88,11.98
2023-05-08,11,16.48
2023-05-09,14.52,35.17
2023-05-10,19.48,23.72
2023-05-11,21.3,25.85
2023-05-12,22.65,44.75
2023-05-13,20.25,21.15
2023-05-14,11.33,28.6
2023-05-15,22.7,17.78
2023-05-16,28.16,22.8
2023-05-17,26.57,28.56
2023-05-18,25.01,25.2
2023-05-19,40.47,11.7
2023-05-20,26.45,23.6
2023-05-21,11.8,7.4
2023-05-22,45.31,27.18
2023-05-23,22.59,28.08
2023-05-24,30.43,26.87
2023-05-25,22.56,25.88
2023-05-26,35.87,46.58
2023-05-27,27.38,16.32
2023-05-28,22.05,32.59
2023-05-29,42.18,18.21
2023-05-30,41.92,21.73
2023-05-31,25.95,13.5
2023-06-01,30.32,21.25
2023-06-02,28.17,28.64
2023-06-03,22.42,29.52
2023-06-04,14.25,32.66
2023-06-05,20,18.91
2023-06-06,25.93,40.56
2023-06-07,20.72,43.523
2023-06-08,19.73,38.82
2023-06-09,32.17,36.94
2023-06-10,13.75,27
2023-06-11,27.08,20.08
2023-06-12,25.98,35.98
2023-06-13,18.74,28.74
2023-06-14,30.19,40.37
2023-06-15,34.47,29.06
2023-06-16,29.1,31.65
2023-06-17,7.23,19.39
2023-06-18,12.35,20.1
2023-06-19,35.44,36.71
2023-06-20,37.44,26.02
2023-06-21,33.72,23.72
2023-06-22,34.47,28.86
2023-06-23,22.27,36.98
2023-06-24,0,2.5
2023-06-25,7.98,5.16
2023-06-26,21.12,15.07
2023-06-27,27.57,25.96
2023-06-28,24.26,40.56
2023-06-29,20.16,47.53
2023-06-30,37.76,38.8
2023-07-01,7.5,22.33
2023-07-02,24.9,36.3
2023-07-03,20.14,22.39
2023-07-04,23.84,30.02
2023-07-05,16.93,42.55
2023-07-06,29.78,46.25
2023-07-07,25.94,31.45
2023-07-08,21.79,43.98
2023-07-09,31.7,38.72
2023-07-10,17.1,30.82
2023-07-11,16.73,36.98
2023-07-12,29.19,35.36
2023-07-13,24.49,26.05
2023-07-14,30.5,33.73
2023-07-15,11,15.78
2023-07-16,21.7,29.25
2023-07-17,15.6,20.4
2023-07-18,18.88,41.35
2023-07-19,24.47,32.95
2023-07-20,23.48,12.84
2023-07-21,10.17,42.24
2023-07-22,22.3,20.82
2023-07-23,11.8,24.28
2023-07-24,22.21,30.2
2023-07-25,21.8,23.13
2023-07-26,30.78,25.27
2023-07-27,29.95,18.71
2023-07-28,26.46,45.24
2023-07-29,10,19
2023-07-30,15.05,22.46
2023-07-31,27.05,17.5
2023-08-01,20.9,18.85
2023-08-02,21.4,23.7
2023-08-03,28.21,27.8
2023-08-04,30.8,44.58
2023-08-05,12.5,26.37
2023-08-06,29.7,18.7
2023-08-07,20.7,26.88
2023-08-08,21.63,23.3
2023-08-09,26.2,30.89
2023-08-10,31.16,16.8
2023-08-11,42.84,36.4
2023-08-12,22.3,24.83
2023-08-13,17.49,13.3
2023-08-14,30.59,16.59
2023-08-15,31.36,22.85
2023-08-16,24.5,24.14
2023-08-17,26.86,27.13
2023-08-18,32.84,47.22
2023-08-19,25.75,18.9
2023-08-20,19.08,28.7
2023-08-21,18.38,42.79
2023-08-22,24.47,28.16
2023-08-23,19.3,21.15
2023-08-24,25.83,35.1
2023-08-25,31.71,25
2023-08-26,13,8.2
2023-08-27,17.65,19.4
2023-08-28,20.5,19.75
2023-08-29,22.2,21.24
2023-08-30,30.8,22.1
2023-08-31,34.9,24.6
2023-09-01,31.61,19.65
2023-09-02,27.48,18.65
2023-09-03,27.13,37.75
2023-09-04,21.83,22.01
2023-09-05,32.57,33.83
2023-09-06,29.59,33
2023-09-07,26.51,34.92
2023-09-08,32.62,27.86
2023-09-09,7.6,6.7
2023-09-10,19.9,33.07
2023-09-11,28.78,32.93
2023-09-12,27.97,42.98
2023-09-13,21.63,44.34
2023-09-14,40.4,33.95
2023-09-15,24.4,34.79
2023-09-16,21.38,42.53
2023-09-17,33.1,36.88
2023-09-18,34.8,33.53
2023-09-19,23.8,26.23
2023-09-20,24.79,43.49
2023-09-21,20.5,34.39
2023-09-22,33.43,38.96
2023-09-23,22.4,27.92
2023-09-24,24.8,30.85
2023-09-25,52.67,36.05
2023-09-26,31.12,20
2023-09-27,29.66,28.7
2023-09-28,26.45,49.01
2023-09-29,30.5,52.52
2023-09-30,7.24,14
2023-10-01,17.92,38.48
2023-10-02,27.95,43.05
2023-10-03,16.89,41.12
2023-10-04,27.45,32.02
2023-10-05,40.8,34.86
2023-10-06,55.01,44
2023-10-07,20.24,20.16
2023-10-08,25.1,30.92
2023-10-09,31.43,19.08
2023-10-10,33.27,49.15
2023-10-11,24.8,10.49
2023-10-12,34.84,27.52
2023-10-13,45.3,29.1
2023-10-14,23.53,18.65
2023-10-15,20.99,18.01
2023-10-16,27.81,33.85
2023-10-17,38.58,31.91
2023-10-18,31.63,26.1
2023-10-19,43.35,22.85
2023-10-20,48.98,33.15
2023-10-21,15.6,19.3
2023-10-22,20.7,21.21
2023-10-23,26.5,39.51
2023-10-24,28.31,17.44
2023-10-25,22.46,20
2023-10-26,18.65,30.7
2023-10-27,45.3,51.25
2023-10-28,11.9,10.7
2023-10-29,25.93,9.8
2023-10-30,11.2,20.83
2023-10-31,14,21.55
2023-11-01,8.1,9.01
2023-11-02,19.55,16.8
2023-11-03,26,35.8
2023-11-04,14.5,28.2
2023-11-05,20.98,40.2
2023-11-06,21.6,20.36
2023-11-07,18.89,37
2023-11-08,29.03,29.55
2023-11-09,25.95,31.13
2023-11-10,38.23,40.96
2023-11-11,21.77,14.3
2023-11-12,26.49,16.2
2023-11-13,35.92,31.59
2023-11-14,33.95,32.72
2023-11-15,28.88,24.88
2023-11-16,25.26,20.12
2023-11-17,38,30.18
2023-11-18,20.5,17.55
2023-11-19,26.8,34.18
2023-11-20,21.56,35.48
2023-11-21,18.2,24.55
2023-11-22,13.78,36.4
2023-11-23,29.54,27.2
2023-11-24,16.81,31.06
2023-11-25,26.2,14.4
2023-11-26,22.44,21.8
2023-11-27,14.4,31.05
2023-11-28,23.11,39.85
2023-11-29,43.83,20.85
2023-12-01,33.75,38
2023-12-02,8.4,17.3
2023-12-03,20.5,24.5
2023-12-04,27.35,21
2023-12-05,45.14,37.3
2023-12-06,41.37,34.72
2023-12-07,17.23,28.2
2023-12-08,43.31,40.9
2023-12-09,24.3,17.8
2023-12-10,14.8,19.45
2023-12-11,20.03,29.7
2023-12-12,15.43,37.54
2023-12-13,6.76,16.68
2023-12-14,14.76,49.95
2023-12-15,12.3,21.75
2023-12-16,16.8,33
2023-12-17,14.4,30.5
2023-12-18,12.6,32.6
2023-12-19,28.67,26.07
2023-12-20,38,28.83
2023-12-21,23.87,21.11
2023-12-22,22.68,37.01
2023-12-23,11.18,20.9
2023-12-24,4.6,15.4
2023-12-25,14,17.5
2023-12-26,6.4,12.19
2023-12-27,14.81,47.18
2023-12-28,23.05,49.54
2023-12-29,30.8,44
2023-12-30,8.3,18.7
2023-12-31,6.7,16.9
2024-02-01,0,0
2024-02-02,0,0
2024-02-03,3.3,16.9
2024-02-04,7.82,43.88
2024-02-05,20.34,42.37
2024-02-06,2.9,8.7
2024-02-07,0,0
2024-02-08,0,3
2024-02-09,8.2,22.28
2024-02-10,1.13,27.54
2024-02-11,9.1,23.09
2024-02-12,0,0
2024-02-13,10.1,39
2024-02-14,1.5,32.17
2024-02-15,9.7,60.61
2024-02-16,0,0
2024-02-17,2.3,43.86
2024-02-18,22.05,44.15
2024-02-19,6.8,13.3
2024-02-20,10.6,22.35
2024-02-21,11.5,12.28
2024-02-22,11.84,33.98
2024-02-23,1.72,3.2
2024-02-24,9.1,27.1
2024-02-25,12.9,21.6
2024-02-26,5.94,24.88
2024-02-27,11.2,43
2024-02-28,5.2,38.63
2024-02-29,12.3,41.96
2024-03-01,1.1,4.8
2024-03-02,8.6,30.4
2024-03-03,8.5,17.45
2024-03-04,11.1,22.395
2024-03-05,36.13,30.73
2024-03-06,20.3,22.5
2024-03-07,32.7,36.68
2024-03-08,9.75,12.2
2024-03-09,19.7,30.99
2024-03-10,5.9,16.5
2024-03-11,21.1,39.04
2024-03-12,27.22,44.48
2024-03-13,10.5,15.2
2024-03-14,16.96,29.07
2024-03-15,17.53,20.01
2024-03-16,18.5,29.55
2024-03-17,13,20.78
2024-03-18,19.4,31.2
2024-03-19,14.09,34.93
2024-03-20,38.69,20.02
2024-03-21,18.74,34.07
2024-03-22,7.3,26.74
2024-03-23,19.91,38.73
2024-03-24,6.67,30.96
2024-03-25,7.7,41.18
2024-03-26,22.07,34.13
2024-03-27,12.32,13
2024-03-28,16.61,18.49
2024-03-29,3.2,16.66
2024-03-30,8.8,27.8
2024-03-31,19.3,28.7
2024-04-01,9.6,19.2
2024-04-02,18.47,22.32
2024-04-03,15.76,34.74
2024-04-04,14.3,27
2024-04-05,14.09,37.84
2024-04-06,12.1,12.9
2024-04-07,11,14.93
2024-04-08,16.4,34.33
2024-04-09,14.57,33.45
2024-04-10,13.4,22.51
2024-04-11,13.7,31.33
2024-04-12,14.6,28.98
2024-04-13,17.1,28.44
2024-04-14,15.75,20.3
2024-04-15,9.94,23.94
2024-04-16,8.81,21.01
2024-04-17,14.74,39.35
2024-04-18,16.35,28.63
2024-04-19,14.92,42.26
2024-04-20,8,30.63
2024-04-21,3.7,28.8
2024-04-22,24.4,31.73
2024-04-23,5.95,21
2024-04-24,6.4,20.04
2024-04-25,12.62,27.64
2024-04-26,18.42,36.53
2024-04-27,11.77,25.78
2024-04-28,13.21,21.06
2024-04-29,15.1,29.26
2024-04-30,4.7,22.1
2024-05-01,11.51,37.37
2024-05-02,20.98,13.3
2024-05-03,35.18,27.65
2024-05-04,10.6,18.28
2024-05-05,20.04,28.46
2024-05-06,26.22,22.37
2024-05-07,11.8,18.72
2024-05-08,1.5,4.1
2024-05-09,16.38,27.61
2024-05-10,10.41,29.1
2024-05-11,26.1,25.6
2024-05-12,27.29,23.97
2024-05-13,8.9,39.96
2024-05-14,24.51,35.69
2024-05-15,17.01,29.36
2024-05-16,11.6,38.2
2024-05-17,30.33,17.92
2024-05-18,13.13,33.01
2024-05-19,5.1,35.88
2024-05-20,26.82,24.03
2024-05-21,22.72,24.66
2024-05-22,18.77,31.44
2024-05-23,13.1,33.14
2024-05-24,12.98,26.07
2024-05-25,23.25,50.03
2024-05-26,15.19,27.11
2024-05-27,11.35,28.82
2024-05-28,26.76,23.83
2024-05-29,16.63,32.9
2024-05-30,23.11,24.49
2024-05-31,11,28.83
2024-06-01,16.26,14.97
2024-06-02,13.7,46.62
2024-06-03,8.91,38.57
2024-06-04,20.2,34.87
2024-06-05,23.55,32.74
2024-06-06,18.18,30.12
2024-06-07,11.29,45.19
2024-06-08,22.62,32.87
2024-06-09,5.6,16.29
2024-06-10,28.19,21.96
2024-06-11,12,42.55
2024-06-12,15.1,27.85
2024-06-13,12.89,33.43
2024-06-14,19.86,40.59
2024-06-15,13.43,18.48
2024-06-16,14.6,31.12
2024-06-17,7.85,22.07
2024-06-18,12.24,29.77
2024-06-19,17.9,25.47
2024-06-20,29.5,36.5
2024-06-21,14.63,33.9
2024-06-22,17.44,33.72
2024-06-23,13.31,25.35
2024-06-24,28.42,43.03
2024-06-25,15.64,38.79
2024-06-26,18.04,31.38
2024-06-27,18.81,40.96
2024-06-28,25.17,29.57
2024-06-29,15.56,22.13
2024-06-30,11.62,12.48
2024-07-01,17.8,34.8
2024-07-02,17.38,19.75
2024-07-03,24.08,34.18
2024-07-04,11.9,25.84
2024-07-05,38.96,71.37
2024-07-06,4.96,0
2024-07-07,6.4,20.9
2024-07-08,9.2,50.87
2024-07-09,29.61,29.45
2024-07-10,10.96,20.13
2024-07-11,20.72,35.49
2024-07-12,36.97,27.58
2024-07-13,23.2,9.96
2024-07-14,13.53,14.7
2024-07-15,21.28,13.57
2024-07-16,25.35,21.56
2024-07-17,26.09,36.66
2024-07-18,24.04,22.77
2024-07-19,18.5,33.97
2024-07-20,22.86,42.03
2024-07-21,18.56,53.63
2024-07-22,7.69,41.44
2024-07-23,25.31,37.25
2024-07-24,21.95,36.63
2024-07-25,16.7,29.84
2024-07-26,29.28,17.66
2024-07-27,30.46,7
2024-07-28,14.64,20.3
2024-07-29,20.26,34.63
2024-07-30,9.36,30.18
2024-07-31,8.5,29.08
2024-08-01,20.65,33.7
2024-08-02,15.91,26.96
2024-08-03,9.14,26.92
2024-08-04,24.99,30.3
2024-08-05,8.2,22.4
2024-08-06,11.54,33.51
2024-08-07,20.31,42.25
2024-08-08,24.52,30.63
2024-08-09,13.96,28.52
2024-08-10,26.48,17.6
2024-08-11,9.72,23.71
2024-08-12,14.47,37.43
2024-08-13,31.85,54.71
2024-08-14,14.1,42.49
2024-08-15,11.54,37.53
2024-08-16,23.45,48.31
2024-08-17,13.64,32.67
2024-08-18,16.53,35.74
2024-08-19,12,43.25
2024-08-20,25.56,41.96
2024-08-21,14.91,38.87
2024-08-22,19.3,27.9
2024-08-23,21.6,23.04
2024-08-24,25.43,12.85
2024-08-25,15.77,16.9
2024-08-26,20.1,46.68
2024-08-27,28.7,19.85
2024-08-28,28.75,38.32
2024-08-29,28.26,32.22
2024-08-30,0,0
2024-08-31,0,0
2024-09-01,13.7,18.3
2024-09-02,28.98,43.21
2024-09-03,17.56,40.78
2024-09-04,21.42,28.34
2024-09-05,6.8,14.5
2024-09-06,20,34.26
2024-09-07,14.7,15.85
2024-09-08,11.54,25.1
2024-09-09,12.64,19.57
2024-09-10,19.99,39.95
2024-09-11,17.53,33.76
2024-09-12,21.47,23.69
2024-09-13,28.44,31.8
2024-09-14,12.54,24.41
2024-09-15,16.54,14.01
2024-09-16,26.67,22.84
2024-09-17,19.02,27.04
2024-09-18,21.72,25.22
2024-09-19,11,23.56
2024-09-20,16.34,23.54
2024-09-21,32.12,18.6
2024-09-22,20.74,20.82
2024-09-23,17.92,48.8
2024-09-24,22.56,34.71
2024-09-25,19.04,31.81
2024-09-26,12.8,32.09
2024-09-27,28.26,50.5
2024-09-28,9.54,44.45
2024-09-29,26.45,32.18
2024-09-30,17.06,23.77
2024-10-01,16.5,15.99
2024-10-02,22.08,28.59
2024-10-03,24.64,40.21
2024-10-04,21.14,27.13
2024-10-05,27.65,36.6
2024-10-06,8.71,31.53
2024-10-07,20.17,47.78
2024-10-08,4.48,43.48
2024-10-09,25.54,40.39
2024-10-10,1.3,34.58
2024-10-11,14.3,37.75
2024-10-12,20.5,49.15
2024-10-13,17.35,37.51
2024-10-14,13.16,55.11
2024-10-15,21.12,42.25
2024-10-16,21.03,37.74
2024-10-17,29.94,51.85
2024-10-18,23.72,27.17
2024-10-19,32.61,30.3
2024-10-20,14.97,43.34
2024-10-21,16.06,34.66
2024-10-22,24.71,36.95
2024-10-23,33.77,47.63
2024-10-24,25.71,57.15
2024-10-25,9.6,51.3
2024-10-26,38.03,52.254
2024-10-27,21.82,30.5
2024-10-28,22.29,35.82
2024-10-29,32.17,26.81
2024-10-30,16.96,44.18
2024-10-31,23.32,39.49
2024-11-01,17.45,16.17
2024-11-02,5.42,22.01
2024-11-03,10.27,30.8
2024-11-04,16.5,44.47
2024-11-05,21.71,44.28
2024-11-06,21.5,41.29
2024-11-07,36.34,39.34
2024-11-08,10.35,60.32
2024-11-09,27.9,57.9
2024-11-10,25.83,34
2024-11-11,32.48,45.24
2024-11-12,26.61,37.98
2024-11-13,27.25,40.99
2024-11-14,29.06,37.95
2024-11-15,28.67,30.98
2024-11-16,21.58,33.98
2024-11-17,20.08,18.69
2024-11-18,12.19,49.4
2024-11-19,18.75,30.83
2024-11-20,24,37.94
2024-11-21,13.47,41
2024-11-22,15.6,47.7
2024-11-23,6.58,57.33
2024-11-24,24.41,30.15
2024-11-25,8.2,39.93
2024-11-26,28.49,46.94
2024-11-27,20.3,32.6
2024-11-28,26.02,37.89
2024-11-29,17.1,45.53
2024-11-30,16.95,19.88
2024-12-01,4,35
2024-12-02,12.15,29.13
2024-12-03,20.03,48.86
2024-12-04,13.5,56.65
2024-12-05,10.78,47.77
2024-12-06,9.26,54.93
2024-12-07,13.94,38.1
2024-12-08,8.3,23.66
2024-12-09,8.1,37.1
2024-12-10,8.24,48.4
2024-12-11,10.3,40.69
2024-12-12,18.68,42.61
2024-12-13,7.23,14
2024-12-14,11.1,33.82
2024-12-15,3.4,14
2024-12-16,33.65,40
2024-12-17,11.63,44.98
2024-12-18,13.1,41.74
2024-12-19,20.26,41.27
2024-12-20,9.7,50.9
2024-12-21,18.66,39.97
2024-12-22,16.35,19.89
2024-12-23,9.12,46.18
2024-12-24,5.19,13.2
2024-12-25,3.8,15.98
2024-12-26,4.26,39.64
2024-12-27,9.6,34.18
2024-12-28,5.2,36.94
2024-12-29,7.8,31.65
2024-12-30,10.93,46.86
2024-12-31,0,14.55
2025-01-01,3.3,9.1
2025-01-02,10.76,29.49
2025-01-03,11.7,39.9
2025-01-04,26.33,34.65
2025-01-05,16.28,28.16
2025-01-06,20.28,37.22
2025-01-07,16.25,30.56
2025-01-08,17.67,43.94
2025-01-09,24.5,33.94
2025-01-10,34.14,51.76
2025-01-11,19.85,21.85
2025-01-12,20.39,21.8
2025-01-13,26.67,34.81
2025-01-14,34.9,29.84
2025-01-15,31.26,24.36
2025-01-16,17.8,19.21
2025-01-17,18.76,47.23
2025-01-18,21.76,37.62
2025-01-19,12.86,28.69
2025-01-20,21.56,36.71
2025-01-21,32.02,50.48
2025-01-22,35.14,38.37
2025-01-23,27.84,17.28
2025-01-24,36.53,21.02
2025-01-25,41.01,26.32
2025-01-26,15.6,20.9
2025-01-27,28.08,24.02
2025-01-28,19,47.8
2025-01-29,13.56,44.31
2025-01-30,33.75,53.98
2025-01-31,19.27,28.79
2025-02-01,27.26,35.15
2025-02-02,16.3,54.37
2025-02-03,26.11,44.85
2025-02-04,17.57,41.08
2025-02-05,2.1,9.9
2025-02-06,38.32,22.38
2025-02-07,28.41,41.52
2025-02-08,24.57,16.73
2025-02-09,10.01,32.43
2025-02-10,36.75,48.11
2025-02-11,19.19,38.17
2025-02-12,21.42,47.86
2025-02-13,27.68,32.91
2025-02-14,23.65,41.63
2025-02-15,19.6,42.07
2025-02-16,21.38,29.05
2025-02-17,20.5,48.54
2025-02-18,24.93,44.68
2025-02-19,56.39,24.73
2025-02-20,22.46,46.05
2025-02-21,48.02,43.46
2025-02-22,26.77,28.48
2025-02-23,14.35,28.8
2025-02-24,21.73,39.69
2025-02-25,15.9,23.14
2025-02-26,21.66,31.21
2025-02-27,20.99,31.89
2025-02-28,31.2,56.9
2025-03-01,5.65,23.1
2025-03-02,10.82,23.69
2025-03-03,13.94,35.96
2025-03-04,38.68,63.81
2025-03-05,0,0
2025-03-06,18.65,29.72
2025-03-07,23.7,29.8
2025-03-08,27.55,38.48
2025-03-09,5.7,43.33
2025-03-10,26.03,44.61
2025-03-11,17.4,38.2
2025-03-12,21.65,55.45
2025-03-13,21.45,43.95
2025-03-14,31.34,54.93
2025-03-15,17,49.65
2025-03-16,14.03,34.35
2025-03-17,12.57,44.61
2025-03-18,21.41,34.12
2025-03-19,31.55,31.76
2025-03-20,30.52,40.99
2025-03-21,40.34,35.73
2025-03-22,16.2,27.845
2025-03-23,23.8,35.22
2025-03-24,21.59,25.82
2025-03-25,23.69,48.9
2025-03-26,18.94,47.86
2025-03-27,34.12,42.93
2025-03-28,23.38,43.25
2025-03-29,16.6,33.23
2025-03-30,17.21,31.97
2025-03-31,21.26,41.35
2025-04-01,13.21,23.96
2025-04-02,15.2,30.74
2025-04-03,36.75,25.48
2025-04-04,17.67,31.26
2025-04-05,13.64,33.3
2025-04-06,16.97,27.8
2025-04-07,12.24,43.64
2025-04-08,12.88,26.51
2025-04-09,8.51,21.04
2025-04-10,18.59,36.78
2025-04-11,22.32,36.64
2025-04-12,14.65,44.7
2025-04-13,8.63,46.36
2025-04-14,14.64,45.79
2025-04-15,23.1,40.25
2025-04-16,17.93,31.6
2025-04-17,24.6,35.29
2025-04-18,4.69,35.94
2025-04-19,8.21,38.58
2025-04-20,8.92,25.62
2025-04-21,11.22,34.47
2025-04-22,24.89,39.69
2025-04-23,16.19,37.64
2025-04-24,21.98,52.8
2025-04-25,22.46,58.04
2025-04-26,19.37,31.49
2025-04-27,22.41,26.55
2025-04-28,19.13,41.4
2025-04-29,16.26,36.45
2025-04-30,19.66,40.35
2025-05-01,24.2,44.8
2025-05-02,14.14,33.35
2025-05-03,11.54,29.38
2025-05-04,16.5,67
2025-05-05,24.34,34.62
2025-05-06,31.72,40.99
2025-05-07,23.39,62.05
2025-05-08,20.42,43.76
2025-05-09,23.92,38.06
2025-05-10,16.95,44.17
2025-05-11,12.73,24.96
2025-05-12,1.8,5.93
2025-05-13,1.5,44.98
2025-05-14,25.3,28.21
2025-05-15,11.72,39.11
2025-05-16,12.33,51.71
2025-05-17,7.42,29.88
2025-05-18,6.8,36.62
2025-05-19,8.52,39.23
2025-05-20,8.15,58.49
2025-05-21,16.71,35.39
2025-05-22,11.22,51.74
2025-05-23,29.1,44.89
2025-05-24,17,29.8
2025-05-25,13.94,29.24
2025-05-26,20.34,30.12
2025-05-27,19.85,42.78
2025-05-28,21.77,35.23
2025-05-29,28.92,44.27
2025-05-30,22.28,55.1
2025-05-31,10.92,42.45
2025-06-01,10.58,29.07
2025-06-02,29.84,30.4
2025-06-03,18.13,65.83
2025-06-04,13.58,39.56
2025-06-05,29.97,39.73
2025-06-06,22.8,39.28
2025-06-07,21.07,31.31
2025-06-08,14.91,48.98
2025-06-09,8.78,51.34
2025-06-10,22.92,25
2025-06-11,23.92,34.41
2025-06-12,23.13,30.72
2025-06-13,32.87,58.56
2025-06-14,10.65,26.04
2025-06-15,26.41,34.76
2025-06-16,17.84,52.25
2025-06-17,14.56,27.46
2025-06-18,35.01,42.54
2025-06-19,42.81,45.36
2025-06-20,35.22,53.7
2025-06-21,24.71,35.93
2025-06-22,13.06,33.78
2025-06-23,41.09,30.36
2025-06-24,18.04,27.04
2025-06-25,30.43,28.09
2025-06-26,30.77,34.32
2025-06-27,28.08,40.99
2025-06-28,11.47,35.81
2025-06-29,20.94,22.91
2025-06-30,18.07,22.2
2025-07-01,7.53,22.97
2025-07-02,10.9,27.58
2025-07-03,27.81,17.5
2025-07-04,30.88,34.56
2025-07-05,38,39.09
2025-07-06,15.35,28.98
2025-07-07,33.94,37.56
2025-07-08,25.64,36.51
2025-07-09,11,20.83
2025-07-10,17.34,26.07
2025-07-11,15.56,34.58
2025-07-12,27.03,30.77
2025-07-13,28.4,38.32
2025-07-14,38.58,36
2025-07-15,28.54,22.41
2025-07-16,38.22,35.17
2025-07-17,27.76,37.3
2025-07-18,39.04,23.85
2025-07-19,26,26.65
2025-07-20,21.07,26.71
2025-07-21,29.53,43.97
2025-07-22,30.56,25.49
2025-07-23,14.94,37.05
2025-07-24,24.59,32.29
2025-07-25,35.94,27.34
2025-07-26,15.04,39.35
2025-07-27,15.3,19.59
2025-07-28,13.27,31.14
2025-07-29,37.89,47.28
2025-07-30,21.59,39.08
2025-07-31,37.28,30.66
2025-08-01,9.88,32.17
2025-08-02,22,33.49
2025-08-03,18.84,37.06
2025-08-04,20.78,27.52
2025-08-05,34.77,39.84
2025-08-06,1.72,15.39
2025-08-07,20.35,28.89
2025-08-08,28.69,47.38
2025-08-09,21.15,37.5
2025-08-10,24.3,46.05
2025-08-11,20.84,39.25
2025-08-12,29.62,30.8
2025-08-13,20.05,26.9
2025-08-14,28.41,64.18
2025-08-15,39.42,54.34
2025-08-16,24.45,21.19
2025-08-17,20.79,32.85
2025-08-18,29.02,34.71
2025-08-19,17.45,37.08
2025-08-20,6.19,31.36
2025-08-21,18.84,37.06
2025-08-22,8.42,41.87
2025-08-23,15.31,28.43
2025-08-24,13.19,27.92
2025-08-25,11.75,48.45
2025-08-26,20.73,35.09
2025-08-27,20.39,36.86
2025-08-28,27.74,48.61
2025-08-29,32.36,82.25
2025-08-30,22.62,36.96
2025-08-31,24.73,34.97
2025-09-01,18.13,42.25
2025-09-02,28.17,42.74
2025-09-03,37.29,45.17
2025-09-04,27.68,42.69
2025-09-05,24.34,53.63
2025-09-06,24.6,30.24
2025-09-07,14.86,41.86
2025-09-08,26.8,47.48
2025-09-09,25.12,43.83
2025-09-10,5.6,1.8
2025-09-11,32.07,33.24
2025-09-12,40.33,38.01
2025-09-13,17.95,16.26
2025-09-14,26.71,29.64
2025-09-15,24.5,30.52
2025-09-16,23.45,60.13
2025-09-17,20.45,38.64
2025-09-18,18.54,48.92
2025-09-19,24.9,51.01
2025-09-20,23.69,17.93
2025-09-21,14.07,36.69
2025-09-22,24.65,41.73
2025-09-23,18.92,52.48
2025-09-24,33.96,26.62
2025-09-25,26.72,49.72
2025-09-26,27.66,49.46
2025-09-27,18.75,31.46
2025-09-28,11.26,40.69
2025-09-29,19.95,48.15
2025-09-30,16.35,38.34
2025-10-01,22.75,44.18
2025-10-02,24.38,63.87
2025-10-03,28.27,32.9
2025-10-04,14.25,16.06
2025-10-05,13.71,26.09
2025-10-06,26.15,31.47
2025-10-07,21.28,42.1
2025-10-08,10.71,8.3
2025-10-09,15.21,22.9
2025-10-10,7.09,12.25
2025-10-11,8.48,20.56
2025-10-12,0,0
2025-10-13,0,0
2025-10-14,4.97,11.51
2025-10-15,17.6,28.8
2025-10-16,26.3,35.86
2025-10-17,29.4,39.74
2025-10-18,19.64,38.52
2025-10-19,27.63,28.22
2025-10-20,19.05,33.71
2025-10-21,14.1,28.06
2025-10-22,21.28,27.27
2025-10-23,21.97,47.03
2025-10-24,32.53,47.11
2025-10-25,13.66,20.24
2025-10-26,17.36,21.71
2025-10-27,25.24,28.4
2025-10-28,22.74,29.88
2025-10-29,25.31,26.8
2025-10-30,19.8,46.82
2025-10-31,13.9,27.74
2025-11-01,2,8.39
2025-11-02,13.62,11.18
2025-11-03,11.79,41.38
2025-11-04,20.53,24.97
2025-11-05,1.32,13.2
2025-11-06,24.93,24.98
2025-11-07,22.94,34.56
2025-11-08,25.59,28.81
2025-11-09,13.74,35.32
2025-11-10,20.07,32.85
2025-11-11,9.4,21.05
2025-11-12,23.11,48.12
2025-11-13,11.54,36.31
2025-11-14,19.45,42.63
2025-11-15,17.21,36.04
2025-11-16,21.05,40.8
2025-11-17,14.29,40.72
2025-11-18,19.94,31.76
2025-11-19,22.37,52.53
2025-11-20,25.23,39.61
2025-11-21,34.84,39.29
2025-11-22,11.56,31.47
2025-11-23,13.87,37.91
2025-11-24,45,45.47
2025-11-25,25.38,42.77
2025-11-26,28.47,37.52
2025-11-27,19.62,31.03
2025-11-28,18.32,47.51
2025-11-29,21.53,33.95
2025-11-30,20.28,34.32
2025-12-01,23.76,43.16
2025-12-02,24.4,49.31
2025-12-03,19.88,27.59
2025-12-04,17.93,56.22
2025-12-05,13.16,37.06
2025-12-06,37.82,49.65
2025-12-07,2.16,1.6
2025-12-08,6.75,39.53
2025-12-09,29.06,48.03
2025-12-10,21.4,31.8
2025-12-11,9.45,39.99
2025-12-12,37.99,34.74
2025-12-13,16.67,31.03
2025-12-14,22.27,48.64
2025-12-15,17.93,52.99
